Id,IndicatorCode,SpatialDimType,SpatialDim,TimeDimType,ParentLocationCode,ParentLocation,Dim1Type,Dim1,TimeDim,Dim2Type,Dim2,Dim3Type,Dim3,DataSourceDimType,DataSourceDim,Value,NumericValue,Low,High,Comments,Date,TimeDimensionValue,TimeDimensionBegin,TimeDimensionEnd
31260,WHOSIS_000001,COUNTRY,ESP,YEAR,EUR,Europe,SEX,SEX_MLE,2016,,,,,,,80.0 [80.0-80.1],80.0420428,79.98194724,80.10213836,,2024-08-02T09:43:39.193+02:00,2016,2016-01-01T00:00:00+01:00,2016-12-31T00:00:00+01:00
115955,WHOSIS_000001,COUNTRY,POL,YEAR,EUR,Europe,SEX,SEX_FMLE,2021,,,,,,,79.4 [79.4-79.5],79.39878959,79.38157561,79.48376787,,2024-08-02T09:43:39.193+02:00,2021,2021-01-01T00:00:00+01:00,2021-12-31T00:00:00+01:00
162194,WHOSIS_000001,COUNTRY,DEU,YEAR,EUR,Europe,SEX,SEX_FMLE,2021,,,,,,,82.9 [82.9-82.9],82.85918032,82.85917696,82.92056694,,2024-08-02T09:43:39.193+02:00,2021,2021-01-01T00:00:00+01:00,2021-12-31T00:00:00+01:00
164442,WHOSIS_000001,COUNTRY,ESP,YEAR,EUR,Europe,SEX,SEX_MLE,2018,,,,,,,80.2 [80.1-80.2],80.15362426,80.09559425,80.21165428,,2024-08-02T09:43:39.193+02:00,2018,2018-01-01T00:00:00+01:00,2018-12-31T00:00:00+01:00
178485,WHOSIS_000001,COUNTRY,ESP,YEAR,EUR,Europe,SEX,SEX_BTSX,2020,,,,,,,81.9 [81.9-82.0],81.92498871,81.86002774,81.98994969,,2024-08-02T09:43:39.193+02:00,2020,2020-01-01T00:00:00+01:00,2020-12-31T00:00:00+01:00
238014,WHOSIS_000001,COUNTRY,ROU,YEAR,EUR,Europe,SEX,SEX_MLE,2020,,,,,,,70.3 [70.3-70.4],70.30228895,70.26390471,70.38870809,,2024-08-02T09:43:39.193+02:00,2020,2020-01-01T00:00:00+01:00,2020-12-31T00:00:00+01:00
252239,WHOSIS_000001,COUNTRY,DEU,YEAR,EUR,Europe,SEX,SEX_MLE,2018,,,,,,,78.4 [78.4-78.5],78.42352941,78.36932508,78.47773374,,2024-08-02T09:43:39.193+02:00,2018,2018-01-01T00:00:00+01:00,2018-12-31T00:00:00+01:00
327289,WHOSIS_000001,COUNTRY,ITA,YEAR,EUR,Europe,SEX,SEX_BTSX,2015,,,,,,,82.2 [82.1-82.3],82.20433624,82.14706316,82.26160933,,2024-08-02T09:43:39.193+02:00,2015,2015-01-01T00:00:00+01:00,2015-12-31T00:00:00+01:00
327945,WHOSIS_000001,COUNTRY,ESP,YEAR,EUR,Europe,SEX,SEX_MLE,2019,,,,,,,80.5 [80.5-80.6],80.53744655,80.47319204,80.60170105,,2024-08-02T09:43:39.193+02:00,2019,2019-01-01T00:00:00+01:00,2019-12-31T00:00:00+01:00
363121,WHOSIS_000001,COUNTRY,GRC,YEAR,EUR,Europe,SEX,SEX_FMLE,2021,,,,,,,82.0 [81.9-82.1],81.95119556,81.88730336,82.05249829,,2024-08-02T09:43:39.193+02:00,2021,2021-01-01T00:00:00+01:00,2021-12-31T00:00:00+01:00
423967,WHOSIS_000001,COUNTRY,GRC,YEAR,EUR,Europe,SEX,SEX_MLE,2019,,,,,,,78.8 [78.8-78.9],78.7970393,78.77373218,78.89234068,,2024-08-02T09:43:39.193+02:00,2019,2019-01-01T00:00:00+01:00,2019-12-31T00:00:00+01:00
542406,WHOSIS_000001,COUNTRY,ESP,YEAR,EUR,Europe,SEX,SEX_MLE,2021,,,,,,,80.0 [80.0-80.1],79.98630023,79.98376878,80.05420016,,2024-08-02T09:43:39.193+02:00,2021,2021-01-01T00:00:00+01:00,2021-12-31T00:00:00+01:00
546403,WHOSIS_000001,COUNTRY,POL,YEAR,EUR,Europe,SEX,SEX_FMLE,2019,,,,,,,81.5 [81.5-81.6],81.49692483,81.48471856,81.57138979,,2024-08-02T09:43:39.193+02:00,2019,2019-01-01T00:00:00+01:00,2019-12-31T00:00:00+01:00
709332,WHOSIS_000001,COUNTRY,POL,YEAR,EUR,Europe,SEX,SEX_FMLE,2018,,,,,,,81.4 [81.4-81.4],81.36355456,81.35243491,81.43148621,,2024-08-02T09:43:39.193+02:00,2018,2018-01-01T00:00:00+01:00,2018-12-31T00:00:00+01:00
815702,WHOSIS_000001,COUNTRY,FRA,YEAR,EUR,Europe,SEX,SEX_FMLE,2019,,,,,,,85.2 [85.1-85.2],85.15298995,85.14012495,85.21237571,,2024-08-02T09:43:39.193+02:00,2019,2019-01-01T00:00:00+01:00,2019-12-31T00:00:00+01:00
901129,WHOSIS_000001,COUNTRY,GRC,YEAR,EUR,Europe,SEX,SEX_FMLE,2016,,,,,,,82.9 [82.9-83.0],82.90991921,82.90152869,82.99431658,,2024-08-02T09:43:39.193+02:00,2016,2016-01-01T00:00:00+01:00,2016-12-31T00:00:00+01:00
909421,WHOSIS_000001,COUNTRY,DEU,YEAR,EUR,Europe,SEX,SEX_FMLE,2015,,,,,,,82.7 [82.7-82.8],82.71380523,82.65764894,82.76996153,,2024-08-02T09:43:39.193+02:00,2015,2015-01-01T00:00:00+01:00,2015-12-31T00:00:00+01:00
1022370,WHOSIS_000001,COUNTRY,ROU,YEAR,EUR,Europe,SEX,SEX_BTSX,2018,,,,,,,75.1 [75.1-75.2],75.12257592,75.08914695,75.22175577,,2024-08-02T09:43:39.193+02:00,2018,2018-01-01T00:00:00+01:00,2018-12-31T00:00:00+01:00
1059065,WHOSIS_000001,COUNTRY,FRA,YEAR,EUR,Europe,SEX,SEX_BTSX,2018,,,,,,,82.4 [82.4-82.4],82.37708106,82.35865632,82.44119635,,2024-08-02T09:43:39.193+02:00,2018,2018-01-01T00:00:00+01:00,2018-12-31T00:00:00+01:00
1102568,WHOSIS_000001,COUNTRY,GRC,YEAR,EUR,Europe,SEX,SEX_BTSX,2021,,,,,,,79.6 [79.6-79.7],79.59785025,79.55212594,79.70438643,,2024-08-02T09:43:39.193+02:00,2021,2021-01-01T00:00:00+01:00,2021-12-31T00:00:00+01:00
1122596,WHOSIS_000001,COUNTRY,PRT,YEAR,EUR,Europe,SEX,SEX_BTSX,2020,,,,,,,80.8 [80.8-80.9],80.81837464,80.81303622,80.89692429,,2024-08-02T09:43:39.193+02:00,2020,2020-01-01T00:00:00+01:00,2020-12-31T00:00:00+01:00
1162407,WHOSIS_000001,COUNTRY,FRA,YEAR,EUR,Europe,SEX,SEX_BTSX,2019,,,,,,,82.5 [82.5-82.6],82.52902201,82.51924699,82.60143782,,2024-08-02T09:43:39.193+02:00,2019,2019-01-01T00:00:00+01:00,2019-12-31T00:00:00+01:00
1213417,WHOSIS_000001,COUNTRY,ESP,YEAR,EUR,Europe,SEX,SEX_FMLE,2015,,,,,,,84.9 [84.9-85.0],84.93946501,84.87988033,84.99904968,,2024-08-02T09:43:39.193+02:00,2015,2015-01-01T00:00:00+01:00,2015-12-31T00:00:00+01:00
1336641,WHOSIS_000001,COUNTRY,ROU,YEAR,EUR,Europe,SEX,SEX_MLE,2018,,,,,,,71.5 [71.4-71.6],71.46308707,71.43179361,71.553884,,2024-08-02T09:43:39.193+02:00,2018,2018-01-01T00:00:00+01:00,2018-12-31T00:00:00+01:00
1379125,WHOSIS_000001,COUNTRY,ITA,YEAR,EUR,Europe,SEX,SEX_MLE,2020,,,,,,,79.8 [79.7-79.8],79.7608926,79.69442059,79.8273646,,2024-08-02T09:43:39.193+02:00,2020,2020-01-01T00:00:00+01:00,2020-12-31T00:00:00+01:00
1488237,WHOSIS_000001,COUNTRY,FRA,YEAR,EUR,Europe,SEX,SEX_BTSX,2020,,,,,,,81.9 [81.9-81.9],81.87409035,81.87242621,81.93562009,,2024-08-02T09:43:39.193+02:00,2020,2020-01-01T00:00:00+01:00,2020-12-31T00:00:00+01:00
1492722,WHOSIS_000001,COUNTRY,DEU,YEAR,EUR,Europe,SEX,SEX_MLE,2016,,,,,,,78.4 [78.3-78.4],78.35184162,78.29090248,78.41278075,,2024-08-02T09:43:39.193+02:00,2016,2016-01-01T00:00:00+01:00,2016-12-31T00:00:00+01:00
1573051,WHOSIS_000001,COUNTRY,BEL,YEAR,EUR,Europe,SEX,SEX_BTSX,2016,,,,,,,81.1 [81.1-81.2],81.07460591,81.06591749,81.15579454,,2024-08-02T09:43:39.193+02:00,2016,2016-01-01T00:00:00+01:00,2016-12-31T00:00:00+01:00
1573929,WHOSIS_000001,COUNTRY,ESP,YEAR,EUR,Europe,SEX,SEX_MLE,2017,,,,,,,80.1 [80.0-80.1],80.07545191,80.01999875,80.13090508,,2024-08-02T09:43:39.193+02:00,2017,2017-01-01T00:00:00+01:00,2017-12-31T00:00:00+01:00
1587804,WHOSIS_000001,COUNTRY,GRC,YEAR,EUR,Europe,SEX,SEX_BTSX,2018,,,,,,,81.1 [81.0-81.1],81.05191982,81.03218435,81.13752171,,2024-08-02T09:43:39.193+02:00,2018,2018-01-01T00:00:00+01:00,2018-12-31T00:00:00+01:00
1600415,WHOSIS_000001,COUNTRY,PRT,YEAR,EUR,Europe,SEX,SEX_FMLE,2017,,,,,,,84.0 [84.0-84.1],83.97663525,83.96360927,84.05890778,,2024-08-02T09:43:39.193+02:00,2017,2017-01-01T00:00:00+01:00,2017-12-31T00:00:00+01:00
1637635,WHOSIS_000001,COUNTRY,ROU,YEAR,EUR,Europe,SEX,SEX_MLE,2015,,,,,,,71.4 [71.3-71.5],71.37523244,71.34219856,71.47587854,,2024-08-02T09:43:39.193+02:00,2015,2015-01-01T00:00:00+01:00,2015-12-31T00:00:00+01:00
1663922,WHOSIS_000001,COUNTRY,BEL,YEAR,EUR,Europe,SEX,SEX_BTSX,2017,,,,,,,81.2 [81.1-81.2],81.1512532,81.14193292,81.24014717,,2024-08-02T09:43:39.193+02:00,2017,2017-01-01T00:00:00+01:00,2017-12-31T00:00:00+01:00
1789729,WHOSIS_000001,COUNTRY,FRA,YEAR,EUR,Europe,SEX,SEX_FMLE,2021,,,,,,,84.7 [84.7-84.8],84.6861417,84.67028833,84.75544425,,2024-08-02T09:43:39.193+02:00,2021,2021-01-01T00:00:00+01:00,2021-12-31T00:00:00+01:00
1832369,WHOSIS_000001,COUNTRY,ITA,YEAR,EUR,Europe,SEX,SEX_FMLE,2018,,,,,,,84.8 [84.7-84.8],84.76618615,84.70769458,84.82467773,,2024-08-02T09:43:39.193+02:00,2018,2018-01-01T00:00:00+01:00,2018-12-31T00:00:00+01:00
1879456,WHOSIS_000001,COUNTRY,ITA,YEAR,EUR,Europe,SEX,SEX_BTSX,2020,,,,,,,81.9 [81.9-82.0],81.93997914,81.87594924,82.00400904,,2024-08-02T09:43:39.193+02:00,2020,2020-01-01T00:00:00+01:00,2020-12-31T00:00:00+01:00
1953231,WHOSIS_000001,COUNTRY,ESP,YEAR,EUR,Europe,SEX,SEX_MLE,2020,,,,,,,79.3 [79.3-79.4],79.31605523,79.25286344,79.37924702,,2024-08-02T09:43:39.193+02:00,2020,2020-01-01T00:00:00+01:00,2020-12-31T00:00:00+01:00
2030794,WHOSIS_000001,COUNTRY,PRT,YEAR,EUR,Europe,SEX,SEX_MLE,2018,,,,,,,78.0 [78.0-78.1],78.02010294,78.0030965,78.10347463,,2024-08-02T09:43:39.193+02:00,2018,2018-01-01T00:00:00+01:00,2018-12-31T00:00:00+01:00
2094657,WHOSIS_000001,COUNTRY,DEU,YEAR,EUR,Europe,SEX,SEX_BTSX,2020,,,,,,,80.8 [80.7-80.9],80.79637728,80.73700425,80.85575031,,2024-08-02T09:43:39.193+02:00,2020,2020-01-01T00:00:00+01:00,2020-12-31T00:00:00+01:00
2097029,WHOSIS_000001,COUNTRY,ROU,YEAR,EUR,Europe,SEX,SEX_FMLE,2019,,,,,,,79.2 [79.2-79.3],79.23492015,79.19655613,79.3452945,,2024-08-02T09:43:39.193+02:00,2019,2019-01-01T00:00:00+01:00,2019-12-31T00:00:00+01:00
2244934,WHOSIS_000001,COUNTRY,ITA,YEAR,EUR,Europe,SEX,SEX_FMLE,2016,,,,,,,84.9 [84.8-84.9],84.8666802,84.81324761,84.9201128,,2024-08-02T09:43:39.193+02:00,2016,2016-01-01T00:00:00+01:00,2016-12-31T00:00:00+01:00
2250313,WHOSIS_000001,COUNTRY,GRC,YEAR,EUR,Europe,SEX,SEX_MLE,2021,,,,,,,77.3 [77.2-77.4],77.25505569,77.20824878,77.3681215,,2024-08-02T09:43:39.193+02:00,2021,2021-01-01T00:00:00+01:00,2021-12-31T00:00:00+01:00
2273557,WHOSIS_000001,COUNTRY,GRC,YEAR,EUR,Europe,SEX,SEX_MLE,2020,,,,,,,78.5 [78.5-78.6],78.49334594,78.46705489,78.57790546,,2024-08-02T09:43:39.193+02:00,2020,2020-01-01T00:00:00+01:00,2020-12-31T00:00:00+01:00
2308462,WHOSIS_000001,COUNTRY,ITA,YEAR,EUR,Europe,SEX,SEX_MLE,2015,,,,,,,80.0 [79.9-80.1],80.00279151,79.94943386,80.05614915,,2024-08-02T09:43:39.193+02:00,2015,2015-01-01T00:00:00+01:00,2015-12-31T00:00:00+01:00
2322350,WHOSIS_000001,COUNTRY,PRT,YEAR,EUR,Europe,SEX,SEX_FMLE,2015,,,,,,,83.7 [83.7-83.7],83.66558927,83.65481959,83.73621297,,2024-08-02T09:43:39.193+02:00,2015,2015-01-01T00:00:00+01:00,2015-12-31T00:00:00+01:00
2330078,WHOSIS_000001,COUNTRY,ITA,YEAR,EUR,Europe,SEX,SEX_FMLE,2021,,,,,,,84.3 [84.3-84.4],84.32794663,84.32404501,84.39052955,,2024-08-02T09:43:39.193+02:00,2021,2021-01-01T00:00:00+01:00,2021-12-31T00:00:00+01:00
2357129,WHOSIS_000001,COUNTRY,BEL,YEAR,EUR,Europe,SEX,SEX_FMLE,2020,,,,,,,82.9 [82.9-83.0],82.88313138,82.86917937,82.96707673,,2024-08-02T09:43:39.193+02:00,2020,2020-01-01T00:00:00+01:00,2020-12-31T00:00:00+01:00
2410610,WHOSIS_000001,COUNTRY,ITA,YEAR,EUR,Europe,SEX,SEX_MLE,2016,,,,,,,80.7 [80.6-80.8],80.70357826,80.64777609,80.75938042,,2024-08-02T09:43:39.193+02:00,2016,2016-01-01T00:00:00+01:00,2016-12-31T00:00:00+01:00
2460857,WHOSIS_000001,COUNTRY,PRT,YEAR,EUR,Europe,SEX,SEX_BTSX,2019,,,,,,,81.4 [81.4-81.5],81.36750616,81.35017311,81.45218464,,2024-08-02T09:43:39.193+02:00,2019,2019-01-01T00:00:00+01:00,2019-12-31T00:00:00+01:00
2628137,WHOSIS_000001,COUNTRY,GRC,YEAR,EUR,Europe,SEX,SEX_BTSX,2015,,,,,,,80.4 [80.4-80.5],80.41608244,80.40602581,80.48665691,,2024-08-02T09:43:39.193+02:00,2015,2015-01-01T00:00:00+01:00,2015-12-31T00:00:00+01:00
2633170,WHOSIS_000001,COUNTRY,BEL,YEAR,EUR,Europe,SEX,SEX_MLE,2018,,,,,,,79.1 [79.1-79.2],79.10148787,79.08049324,79.18044905,,2024-08-02T09:43:39.193+02:00,2018,2018-01-01T00:00:00+01:00,2018-12-31T00:00:00+01:00
2670044,WHOSIS_000001,COUNTRY,DEU,YEAR,EUR,Europe,SEX,SEX_FMLE,2020,,,,,,,83.1 [83.0-83.1],83.08185767,83.0242097,83.13950564,,2024-08-02T09:43:39.193+02:00,2020,2020-01-01T00:00:00+01:00,2020-12-31T00:00:00+01:00
2677603,WHOSIS_000001,COUNTRY,DEU,YEAR,EUR,Europe,SEX,SEX_BTSX,2015,,,,,,,80.4 [80.4-80.5],80.4259243,80.36720394,80.48464466,,2024-08-02T09:43:39.193+02:00,2015,2015-01-01T00:00:00+01:00,2015-12-31T00:00:00+01:00
2720257,WHOSIS_000001,COUNTRY,DEU,YEAR,EUR,Europe,SEX,SEX_BTSX,2016,,,,,,,80.7 [80.6-80.7],80.68537775,80.62820798,80.74254753,,2024-08-02T09:43:39.193+02:00,2016,2016-01-01T00:00:00+01:00,2016-12-31T00:00:00+01:00
2863603,WHOSIS_000001,COUNTRY,FRA,YEAR,EUR,Europe,SEX,SEX_MLE,2017,,,,,,,79.4 [79.4-79.5],79.40611353,79.39924207,79.47882907,,2024-08-02T09:43:39.193+02:00,2017,2017-01-01T00:00:00+01:00,2017-12-31T00:00:00+01:00
2991390,WHOSIS_000001,COUNTRY,FRA,YEAR,EUR,Europe,SEX,SEX_BTSX,2021,,,,,,,81.9 [81.9-82.0],81.92274175,81.91157517,82.00027612,,2024-08-02T09:43:39.193+02:00,2021,2021-01-01T00:00:00+01:00,2021-12-31T00:00:00+01:00
2992439,WHOSIS_000001,COUNTRY,ROU,YEAR,EUR,Europe,SEX,SEX_BTSX,2017,,,,,,,75.1 [75.1-75.2],75.11122981,75.07496285,75.20600381,,2024-08-02T09:43:39.193+02:00,2017,2017-01-01T00:00:00+01:00,2017-12-31T00:00:00+01:00
3057239,WHOSIS_000001,COUNTRY,ITA,YEAR,EUR,Europe,SEX,SEX_FMLE,2017,,,,,,,84.5 [84.5-84.6],84.51350659,84.45725638,84.5697568,,2024-08-02T09:43:39.193+02:00,2017,2017-01-01T00:00:00+01:00,2017-12-31T00:00:00+01:00
3089687,WHOSIS_000001,COUNTRY,FRA,YEAR,EUR,Europe,SEX,SEX_FMLE,2016,,,,,,,84.9 [84.9-85.0],84.89377441,84.87751815,84.96637306,,2024-08-02T09:43:39.193+02:00,2016,2016-01-01T00:00:00+01:00,2016-12-31T00:00:00+01:00
3185418,WHOSIS_000001,COUNTRY,NLD,YEAR,EUR,Europe,SEX,SEX_BTSX,2017,,,,,,,81.5 [81.5-81.6],81.52798471,81.5142561,81.60120752,,2024-08-02T09:43:39.193+02:00,2017,2017-01-01T00:00:00+01:00,2017-12-31T00:00:00+01:00
3266673,WHOSIS_000001,COUNTRY,BEL,YEAR,EUR,Europe,SEX,SEX_MLE,2015,,,,,,,78.5 [78.5-78.6],78.48319008,78.47028972,78.56548192,,2024-08-02T09:43:39.193+02:00,2015,2015-01-01T00:00:00+01:00,2015-12-31T00:00:00+01:00
3273570,WHOSIS_000001,COUNTRY,FRA,YEAR,EUR,Europe,SEX,SEX_MLE,2020,,,,,,,79.1 [79.1-79.1],79.06419181,79.06370571,79.12778782,,2024-08-02T09:43:39.193+02:00,2020,2020-01-01T00:00:00+01:00,2020-12-31T00:00:00+01:00
3291970,WHOSIS_000001,COUNTRY,BEL,YEAR,EUR,Europe,SEX,SEX_MLE,2020,,,,,,,78.7 [78.6-78.7],78.65364849,78.63089604,78.74442058,,2024-08-02T09:43:39.193+02:00,2020,2020-01-01T00:00:00+01:00,2020-12-31T00:00:00+01:00
3296467,WHOSIS_000001,COUNTRY,DEU,YEAR,EUR,Europe,SEX,SEX_BTSX,2017,,,,,,,80.8 [80.7-80.8],80.75116875,80.69166504,80.81067246,,2024-08-02T09:43:39.193+02:00,2017,2017-01-01T00:00:00+01:00,2017-12-31T00:00:00+01:00
3341319,WHOSIS_000001,COUNTRY,BEL,YEAR,EUR,Europe,SEX,SEX_BTSX,2015,,,,,,,80.7 [80.7-80.8],80.70631194,80.68971634,80.78585163,,2024-08-02T09:43:39.193+02:00,2015,2015-01-01T00:00:00+01:00,2015-12-31T00:00:00+01:00
3372412,WHOSIS_000001,COUNTRY,BEL,YEAR,EUR,Europe,SEX,SEX_FMLE,2021,,,,,,,83.7 [83.7-83.8],83.68795225,83.65628088,83.78456207,,2024-08-02T09:43:39.193+02:00,2021,2021-01-01T00:00:00+01:00,2021-12-31T00:00:00+01:00
3420351,WHOSIS_000001,COUNTRY,POL,YEAR,EUR,Europe,SEX,SEX_MLE,2016,,,,,,,73.7 [73.7-73.8],73.7286639,73.72550447,73.79372174,,2024-08-02T09:43:39.193+02:00,2016,2016-01-01T00:00:00+01:00,2016-12-31T00:00:00+01:00
3616138,WHOSIS_000001,COUNTRY,NLD,YEAR,EUR,Europe,SEX,SEX_FMLE,2021,,,,,,,82.6 [82.6-82.7],82.64706192,82.63239182,82.7248498,,2024-08-02T09:43:39.193+02:00,2021,2021-01-01T00:00:00+01:00,2021-12-31T00:00:00+01:00
3639279,WHOSIS_000001,COUNTRY,BEL,YEAR,EUR,Europe,SEX,SEX_FMLE,2017,,,,,,,83.3 [83.3-83.4],83.33776312,83.32767116,83.41975039,,2024-08-02T09:43:39.193+02:00,2017,2017-01-01T00:00:00+01:00,2017-12-31T00:00:00+01:00
3691317,WHOSIS_000001,COUNTRY,NLD,YEAR,EUR,Europe,SEX,SEX_BTSX,2019,,,,,,,82.3 [82.3-82.4],82.33882776,82.32292354,82.41989807,,2024-08-02T09:43:39.193+02:00,2019,2019-01-01T00:00:00+01:00,2019-12-31T00:00:00+01:00
3721983,WHOSIS_000001,COUNTRY,POL,YEAR,EUR,Europe,SEX,SEX_FMLE,2020,,,,,,,80.4 [80.4-80.5],80.44535889,80.43524629,80.52388229,,2024-08-02T09:43:39.193+02:00,2020,2020-01-01T00:00:00+01:00,2020-12-31T00:00:00+01:00
3759400,WHOSIS_000001,COUNTRY,BEL,YEAR,EUR,Europe,SEX,SEX_FMLE,2019,,,,,,,83.7 [83.6-83.7],83.65574273,83.63086142,83.73425933,,2024-08-02T09:43:39.193+02:00,2019,2019-01-01T00:00:00+01:00,2019-12-31T00:00:00+01:00
3843546,WHOSIS_000001,COUNTRY,GRC,YEAR,EUR,Europe,SEX,SEX_MLE,2016,,,,,,,78.5 [78.5-78.6],78.52796486,78.5109721,78.61777127,,2024-08-02T09:43:39.193+02:00,2016,2016-01-01T00:00:00+01:00,2016-12-31T00:00:00+01:00
3919478,WHOSIS_000001,COUNTRY,DEU,YEAR,EUR,Europe,SEX,SEX_MLE,2019,,,,,,,78.7 [78.7-78.8],78.74919085,78.68488122,78.81350048,,2024-08-02T09:43:39.193+02:00,2019,2019-01-01T00:00:00+01:00,2019-12-31T00:00:00+01:00
3933257,WHOSIS_000001,COUNTRY,NLD,YEAR,EUR,Europe,SEX,SEX_MLE,2016,,,,,,,79.8 [79.8-79.9],79.80497434,79.80398338,79.88237904,,2024-08-02T09:43:39.193+02:00,2016,2016-01-01T00:00:00+01:00,2016-12-31T00:00:00+01:00
3936372,WHOSIS_000001,COUNTRY,FRA,YEAR,EUR,Europe,SEX,SEX_BTSX,2017,,,,,,,82.2 [82.2-82.2],82.17093951,82.16981021,82.24474385,,2024-08-02T09:43:39.193+02:00,2017,2017-01-01T00:00:00+01:00,2017-12-31T00:00:00+01:00
4041349,WHOSIS_000001,COUNTRY,POL,YEAR,EUR,Europe,SEX,SEX_BTSX,2015,,,,,,,77.3 [77.3-77.4],77.27808527,77.27187741,77.35335322,,2024-08-02T09:43:39.193+02:00,2015,2015-01-01T00:00:00+01:00,2015-12-31T00:00:00+01:00
4043684,WHOSIS_000001,COUNTRY,ROU,YEAR,EUR,Europe,SEX,SEX_FMLE,2021,,,,,,,76.5 [76.5-76.6],76.52390532,76.48779858,76.61850029,,2024-08-02T09:43:39.193+02:00,2021,2021-01-01T00:00:00+01:00,2021-12-31T00:00:00+01:00
4061332,WHOSIS_000001,COUNTRY,ROU,YEAR,EUR,Europe,SEX,SEX_MLE,2021,,,,,,,69.2 [69.2-69.3],69.20896236,69.17870543,69.30121467,,2024-08-02T09:43:39.193+02:00,2021,2021-01-01T00:00:00+01:00,2021-12-31T00:00:00+01:00
4133566,WHOSIS_000001,COUNTRY,FRA,YEAR,EUR,Europe,SEX,SEX_FMLE,2015,,,,,,,84.7 [84.7-84.8],84.71993232,84.70610906,84.78697272,,2024-08-02T09:43:39.193+02:00,2015,2015-01-01T00:00:00+01:00,2015-12-31T00:00:00+01:00
4144802,WHOSIS_000001,COUNTRY,ESP,YEAR,EUR,Europe,SEX,SEX_FMLE,2017,,,,,,,85.2 [85.2-85.3],85.21017946,85.15357554,85.26678337,,2024-08-02T09:43:39.193+02:00,2017,2017-01-01T00:00:00+01:00,2017-12-31T00:00:00+01:00
4182922,WHOSIS_000001,COUNTRY,DEU,YEAR,EUR,Europe,SEX,SEX_MLE,2015,,,,,,,78.1 [78.1-78.2],78.11601135,78.05489274,78.17712996,,2024-08-02T09:43:39.193+02:00,2015,2015-01-01T00:00:00+01:00,2015-12-31T00:00:00+01:00
4222719,WHOSIS_000001,COUNTRY,FRA,YEAR,EUR,Europe,SEX,SEX_MLE,2015,,,,,,,79.0 [79.0-79.0],78.96164995,78.95091717,79.03706792,,2024-08-02T09:43:39.193+02:00,2015,2015-01-01T00:00:00+01:00,2015-12-31T00:00:00+01:00
4231384,WHOSIS_000001,COUNTRY,BEL,YEAR,EUR,Europe,SEX,SEX_MLE,2019,,,,,,,79.5 [79.5-79.6],79.50239621,79.48868468,79.60103853,,2024-08-02T09:43:39.193+02:00,2019,2019-01-01T00:00:00+01:00,2019-12-31T00:00:00+01:00
4234755,WHOSIS_000001,COUNTRY,FRA,YEAR,EUR,Europe,SEX,SEX_MLE,2019,,,,,,,79.8 [79.8-79.8],79.773758,79.77009121,79.8334825,,2024-08-02T09:43:39.193+02:00,2019,2019-01-01T00:00:00+01:00,2019-12-31T00:00:00+01:00
4309814,WHOSIS_000001,COUNTRY,BEL,YEAR,EUR,Europe,SEX,SEX_FMLE,2016,,,,,,,83.4 [83.4-83.5],83.3917427,83.37683406,83.46660063,,2024-08-02T09:43:39.193+02:00,2016,2016-01-01T00:00:00+01:00,2016-12-31T00:00:00+01:00
4333230,WHOSIS_000001,COUNTRY,NLD,YEAR,EUR,Europe,SEX,SEX_MLE,2017,,,,,,,80.0 [80.0-80.1],79.99212275,79.97878713,80.06928636,,2024-08-02T09:43:39.193+02:00,2017,2017-01-01T00:00:00+01:00,2017-12-31T00:00:00+01:00
4348658,WHOSIS_000001,COUNTRY,FRA,YEAR,EUR,Europe,SEX,SEX_BTSX,2016,,,,,,,82.1 [82.1-82.2],82.13202442,82.11081704,82.20587083,,2024-08-02T09:43:39.193+02:00,2016,2016-01-01T00:00:00+01:00,2016-12-31T00:00:00+01:00
4364233,WHOSIS_000001,COUNTRY,NLD,YEAR,EUR,Europe,SEX,SEX_FMLE,2016,,,,,,,82.8 [82.8-82.9],82.80133007,82.79392821,82.87401777,,2024-08-02T09:43:39.193+02:00,2016,2016-01-01T00:00:00+01:00,2016-12-31T00:00:00+01:00
4398122,WHOSIS_000001,COUNTRY,BEL,YEAR,EUR,Europe,SEX,SEX_BTSX,2018,,,,,,,81.2 [81.2-81.3],81.2494226,81.2294214,81.32169383,,2024-08-02T09:43:39.193+02:00,2018,2018-01-01T00:00:00+01:00,2018-12-31T00:00:00+01:00
4401027,WHOSIS_000001,COUNTRY,ESP,YEAR,EUR,Europe,SEX,SEX_BTSX,2018,,,,,,,82.8 [82.8-82.8],82.76765981,82.76751072,82.82905811,,2024-08-02T09:43:39.193+02:00,2018,2018-01-01T00:00:00+01:00,2018-12-31T00:00:00+01:00
4444082,WHOSIS_000001,COUNTRY,ITA,YEAR,EUR,Europe,SEX,SEX_BTSX,2017,,,,,,,82.5 [82.5-82.6],82.52191209,82.46655713,82.57726704,,2024-08-02T09:43:39.193+02:00,2017,2017-01-01T00:00:00+01:00,2017-12-31T00:00:00+01:00
4455241,WHOSIS_000001,COUNTRY,ESP,YEAR,EUR,Europe,SEX,SEX_BTSX,2019,,,,,,,83.1 [83.1-83.2],83.13561895,83.07150575,83.19973215,,2024-08-02T09:43:39.193+02:00,2019,2019-01-01T00:00:00+01:00,2019-12-31T00:00:00+01:00
4461705,WHOSIS_000001,COUNTRY,GRC,YEAR,EUR,Europe,SEX,SEX_BTSX,2019,,,,,,,80.9 [80.9-81.0],80.90744762,80.8866653,80.99188153,,2024-08-02T09:43:39.193+02:00,2019,2019-01-01T00:00:00+01:00,2019-12-31T00:00:00+01:00
4489323,WHOSIS_000001,COUNTRY,ITA,YEAR,EUR,Europe,SEX,SEX_BTSX,2018,,,,,,,82.8 [82.7-82.8],82.77664183,82.72463897,82.82864469,,2024-08-02T09:43:39.193+02:00,2018,2018-01-01T00:00:00+01:00,2018-12-31T00:00:00+01:00
4530251,WHOSIS_000001,COUNTRY,FRA,YEAR,EUR,Europe,SEX,SEX_FMLE,2017,,,,,,,84.8 [84.8-84.9],84.80918283,84.7997003,84.87285478,,2024-08-02T09:43:39.193+02:00,2017,2017-01-01T00:00:00+01:00,2017-12-31T00:00:00+01:00
4572123,WHOSIS_000001,COUNTRY,PRT,YEAR,EUR,Europe,SEX,SEX_BTSX,2015,,,,,,,80.9 [80.9-81.0],80.89189476,80.87709308,80.96748063,,2024-08-02T09:43:39.193+02:00,2015,2015-01-01T00:00:00+01:00,2015-12-31T00:00:00+01:00
4599365,WHOSIS_000001,COUNTRY,DEU,YEAR,EUR,Europe,SEX,SEX_BTSX,2018,,,,,,,80.6 [80.6-80.7],80.64820055,80.59340451,80.70299659,,2024-08-02T09:43:39.193+02:00,2018,2018-01-01T00:00:00+01:00,2018-12-31T00:00:00+01:00
4613111,WHOSIS_000001,COUNTRY,ITA,YEAR,EUR,Europe,SEX,SEX_FMLE,2020,,,,,,,84.1 [84.0-84.1],84.05052945,83.98748966,84.11356924,,2024-08-02T09:43:39.193+02:00,2020,2020-01-01T00:00:00+01:00,2020-12-31T00:00:00+01:00
4645733,WHOSIS_000001,COUNTRY,POL,YEAR,EUR,Europe,SEX,SEX_MLE,2015,,,,,,,73.4 [73.4-73.4],73.3650708,73.35715273,73.42451532,,2024-08-02T09:43:39.193+02:00,2015,2015-01-01T00:00:00+01:00,2015-12-31T00:00:00+01:00
4653129,WHOSIS_000001,COUNTRY,ROU,YEAR,EUR,Europe,SEX,SEX_BTSX,2021,,,,,,,72.8 [72.7-72.9],72.76430945,72.73247078,72.87200337,,2024-08-02T09:43:39.193+02:00,2021,2021-01-01T00:00:00+01:00,2021-12-31T00:00:00+01:00
4683887,WHOSIS_000001,COUNTRY,NLD,YEAR,EUR,Europe,SEX,SEX_FMLE,2020,,,,,,,82.9 [82.9-83.0],82.93321531,82.91565477,83.00833945,,2024-08-02T09:43:39.193+02:00,2020,2020-01-01T00:00:00+01:00,2020-12-31T00:00:00+01:00
4744335,WHOSIS_000001,COUNTRY,ITA,YEAR,EUR,Europe,SEX,SEX_MLE,2018,,,,,,,80.7 [80.6-80.7],80.658805,80.60125162,80.71635838,,2024-08-02T09:43:39.193+02:00,2018,2018-01-01T00:00:00+01:00,2018-12-31T00:00:00+01:00
4805906,WHOSIS_000001,COUNTRY,POL,YEAR,EUR,Europe,SEX,SEX_MLE,2019,,,,,,,73.9 [73.9-74.0],73.94224118,73.93130496,74.00720764,,2024-08-02T09:43:39.193+02:00,2019,2019-01-01T00:00:00+01:00,2019-12-31T00:00:00+01:00
4826054,WHOSIS_000001,COUNTRY,GRC,YEAR,EUR,Europe,SEX,SEX_MLE,2015,,,,,,,78.2 [78.2-78.2],78.16406622,78.15570449,78.24086515,,2024-08-02T09:43:39.193+02:00,2015,2015-01-01T00:00:00+01:00,2015-12-31T00:00:00+01:00
4854934,WHOSIS_000001,COUNTRY,DEU,YEAR,EUR,Europe,SEX,SEX_MLE,2021,,,,,,,78.1 [78.1-78.2],78.14950267,78.09050005,78.20850529,,2024-08-02T09:43:39.193+02:00,2021,2021-01-01T00:00:00+01:00,2021-12-31T00:00:00+01:00
4857154,WHOSIS_000001,COUNTRY,PRT,YEAR,EUR,Europe,SEX,SEX_FMLE,2016,,,,,,,83.8 [83.8-83.8],83.77159778,83.75844944,83.84887506,,2024-08-02T09:43:39.193+02:00,2016,2016-01-01T00:00:00+01:00,2016-12-31T00:00:00+01:00
4889123,WHOSIS_000001,COUNTRY,POL,YEAR,EUR,Europe,SEX,SEX_FMLE,2015,,,,,,,81.1 [81.1-81.2],81.14751452,81.13427477,81.22320145,,2024-08-02T09:43:39.193+02:00,2015,2015-01-01T00:00:00+01:00,2015-12-31T00:00:00+01:00
5044485,WHOSIS_000001,COUNTRY,GRC,YEAR,EUR,Europe,SEX,SEX_FMLE,2020,,,,,,,82.8 [82.7-82.9],82.7647775,82.74970736,82.85580179,,2024-08-02T09:43:39.193+02:00,2020,2020-01-01T00:00:00+01:00,2020-12-31T00:00:00+01:00
5132592,WHOSIS_000001,COUNTRY,PRT,YEAR,EUR,Europe,SEX,SEX_FMLE,2020,,,,,,,83.6 [83.6-83.7],83.6414252,83.62798969,83.71998052,,2024-08-02T09:43:39.193+02:00,2020,2020-01-01T00:00:00+01:00,2020-12-31T00:00:00+01:00
5136604,WHOSIS_000001,COUNTRY,ROU,YEAR,EUR,Europe,SEX,SEX_FMLE,2015,,,,,,,78.5 [78.5-78.6],78.49165481,78.46508252,78.597166,,2024-08-02T09:43:39.193+02:00,2015,2015-01-01T00:00:00+01:00,2015-12-31T00:00:00+01:00
5185902,WHOSIS_000001,COUNTRY,ESP,YEAR,EUR,Europe,SEX,SEX_BTSX,2015,,,,,,,82.3 [82.3-82.4],82.32940416,82.27065139,82.38815692,,2024-08-02T09:43:39.193+02:00,2015,2015-01-01T00:00:00+01:00,2015-12-31T00:00:00+01:00
5242549,WHOSIS_000001,COUNTRY,GRC,YEAR,EUR,Europe,SEX,SEX_BTSX,2016,,,,,,,80.7 [80.7-80.8],80.71256832,80.70056732,80.79739072,,2024-08-02T09:43:39.193+02:00,2016,2016-01-01T00:00:00+01:00,2016-12-31T00:00:00+01:00
5245007,WHOSIS_000001,COUNTRY,GRC,YEAR,EUR,Europe,SEX,SEX_FMLE,2015,,,,,,,82.7 [82.7-82.8],82.70012722,82.68964192,82.78295676,,2024-08-02T09:43:39.193+02:00,2015,2015-01-01T00:00:00+01:00,2015-12-31T00:00:00+01:00
5376445,WHOSIS_000001,COUNTRY,ROU,YEAR,EUR,Europe,SEX,SEX_FMLE,2017,,,,,,,78.8 [78.8-78.9],78.76755562,78.75085214,78.85865782,,2024-08-02T09:43:39.193+02:00,2017,2017-01-01T00:00:00+01:00,2017-12-31T00:00:00+01:00
5402702,WHOSIS_000001,COUNTRY,FRA,YEAR,EUR,Europe,SEX,SEX_BTSX,2015,,,,,,,81.9 [81.9-82.0],81.90513823,81.88897093,81.97495352,,2024-08-02T09:43:39.193+02:00,2015,2015-01-01T00:00:00+01:00,2015-12-31T00:00:00+01:00
5479654,WHOSIS_000001,COUNTRY,POL,YEAR,EUR,Europe,SEX,SEX_BTSX,2021,,,,,,,75.4 [75.4-75.5],75.4021086,75.38592987,75.49627316,,2024-08-02T09:43:39.193+02:00,2021,2021-01-01T00:00:00+01:00,2021-12-31T00:00:00+01:00
5505324,WHOSIS_000001,COUNTRY,PRT,YEAR,EUR,Europe,SEX,SEX_BTSX,2021,,,,,,,81.2 [81.2-81.3],81.17961003,81.16029382,81.26505849,,2024-08-02T09:43:39.193+02:00,2021,2021-01-01T00:00:00+01:00,2021-12-31T00:00:00+01:00
5554160,WHOSIS_000001,COUNTRY,FRA,YEAR,EUR,Europe,SEX,SEX_FMLE,2020,,,,,,,84.6 [84.6-84.7],84.59650146,84.59226351,84.65828123,,2024-08-02T09:43:39.193+02:00,2020,2020-01-01T00:00:00+01:00,2020-12-31T00:00:00+01:00
5595617,WHOSIS_000001,COUNTRY,ESP,YEAR,EUR,Europe,SEX,SEX_BTSX,2016,,,,,,,82.7 [82.7-82.8],82.73070599,82.67353644,82.78787554,,2024-08-02T09:43:39.193+02:00,2016,2016-01-01T00:00:00+01:00,2016-12-31T00:00:00+01:00
5632926,WHOSIS_000001,COUNTRY,FRA,YEAR,EUR,Europe,SEX,SEX_MLE,2021,,,,,,,79.1 [79.1-79.2],79.07623773,79.06590633,79.15215419,,2024-08-02T09:43:39.193+02:00,2021,2021-01-01T00:00:00+01:00,2021-12-31T00:00:00+01:00
5661691,WHOSIS_000001,COUNTRY,ITA,YEAR,EUR,Europe,SEX,SEX_FMLE,2015,,,,,,,84.3 [84.2-84.3],84.25877562,84.20076435,84.31678689,,2024-08-02T09:43:39.193+02:00,2015,2015-01-01T00:00:00+01:00,2015-12-31T00:00:00+01:00
5712675,WHOSIS_000001,COUNTRY,ITA,YEAR,EUR,Europe,SEX,SEX_FMLE,2019,,,,,,,84.9 [84.9-85.0],84.91374148,84.86097162,84.96651135,,2024-08-02T09:43:39.193+02:00,2019,2019-01-01T00:00:00+01:00,2019-12-31T00:00:00+01:00
5785559,WHOSIS_000001,COUNTRY,ITA,YEAR,EUR,Europe,SEX,SEX_BTSX,2019,,,,,,,83.0 [82.9-83.0],82.98522568,82.92722223,83.04322913,,2024-08-02T09:43:39.193+02:00,2019,2019-01-01T00:00:00+01:00,2019-12-31T00:00:00+01:00
5803306,WHOSIS_000001,COUNTRY,ITA,YEAR,EUR,Europe,SEX,SEX_MLE,2019,,,,,,,80.9 [80.9-81.0],80.93606726,80.8772756,80.99485892,,2024-08-02T09:43:39.193+02:00,2019,2019-01-01T00:00:00+01:00,2019-12-31T00:00:00+01:00
5812792,WHOSIS_000001,COUNTRY,NLD,YEAR,EUR,Europe,SEX,SEX_MLE,2019,,,,,,,80.8 [80.8-80.9],80.84521805,80.83646602,80.92740996,,2024-08-02T09:43:39.193+02:00,2019,2019-01-01T00:00:00+01:00,2019-12-31T00:00:00+01:00
5855018,WHOSIS_000001,COUNTRY,BEL,YEAR,EUR,Europe,SEX,SEX_BTSX,2021,,,,,,,81.5 [81.5-81.6],81.5059627,81.46589972,81.60981568,,2024-08-02T09:43:39.193+02:00,2021,2021-01-01T00:00:00+01:00,2021-12-31T00:00:00+01:00
5873485,WHOSIS_000001,COUNTRY,ROU,YEAR,EUR,Europe,SEX,SEX_MLE,2016,,,,,,,71.5 [71.4-71.6],71.48354448,71.44899946,71.58123788,,2024-08-02T09:43:39.193+02:00,2016,2016-01-01T00:00:00+01:00,2016-12-31T00:00:00+01:00
6032496,WHOSIS_000001,COUNTRY,POL,YEAR,EUR,Europe,SEX,SEX_MLE,2021,,,,,,,71.6 [71.5-71.6],71.5530382,71.53083907,71.63224554,,2024-08-02T09:43:39.193+02:00,2021,2021-01-01T00:00:00+01:00,2021-12-31T00:00:00+01:00
6041641,WHOSIS_000001,COUNTRY,NLD,YEAR,EUR,Europe,SEX,SEX_FMLE,2018,,,,,,,83.3 [83.3-83.4],83.29827128,83.29086093,83.3732706,,2024-08-02T09:43:39.193+02:00,2018,2018-01-01T00:00:00+01:00,2018-12-31T00:00:00+01:00
6235538,WHOSIS_000001,COUNTRY,BEL,YEAR,EUR,Europe,SEX,SEX_FMLE,2015,,,,,,,82.9 [82.9-82.9],82.86409019,82.86020438,82.9398723,,2024-08-02T09:43:39.193+02:00,2015,2015-01-01T00:00:00+01:00,2015-12-31T00:00:00+01:00
6243429,WHOSIS_000001,COUNTRY,BEL,YEAR,EUR,Europe,SEX,SEX_BTSX,2019,,,,,,,81.6 [81.6-81.7],81.60895006,81.59409221,81.6973202,,2024-08-02T09:43:39.193+02:00,2019,2019-01-01T00:00:00+01:00,2019-12-31T00:00:00+01:00
6309444,WHOSIS_000001,COUNTRY,PRT,YEAR,EUR,Europe,SEX,SEX_FMLE,2019,,,,,,,84.1 [84.1-84.2],84.14959418,84.13089883,84.23744775,,2024-08-02T09:43:39.193+02:00,2019,2019-01-01T00:00:00+01:00,2019-12-31T00:00:00+01:00
6386941,WHOSIS_000001,COUNTRY,DEU,YEAR,EUR,Europe,SEX,SEX_BTSX,2019,,,,,,,81.0 [80.9-81.0],80.97360663,80.91390453,81.03330873,,2024-08-02T09:43:39.193+02:00,2019,2019-01-01T00:00:00+01:00,2019-12-31T00:00:00+01:00
6401431,WHOSIS_000001,COUNTRY,PRT,YEAR,EUR,Europe,SEX,SEX_FMLE,2018,,,,,,,83.9 [83.9-84.0],83.91042383,83.89197334,83.98876426,,2024-08-02T09:43:39.193+02:00,2018,2018-01-01T00:00:00+01:00,2018-12-31T00:00:00+01:00
6419896,WHOSIS_000001,COUNTRY,ESP,YEAR,EUR,Europe,SEX,SEX_FMLE,2018,,,,,,,85.3 [85.3-85.4],85.32106648,85.31789374,85.37817552,,2024-08-02T09:43:39.193+02:00,2018,2018-01-01T00:00:00+01:00,2018-12-31T00:00:00+01:00
6474532,WHOSIS_000001,COUNTRY,ESP,YEAR,EUR,Europe,SEX,SEX_FMLE,2019,,,,,,,85.7 [85.7-85.7],85.66031336,85.65876106,85.71778781,,2024-08-02T09:43:39.193+02:00,2019,2019-01-01T00:00:00+01:00,2019-12-31T00:00:00+01:00
6495437,WHOSIS_000001,COUNTRY,NLD,YEAR,EUR,Europe,SEX,SEX_FMLE,2017,,,,,,,83.0 [83.0-83.1],83.00502443,82.99429301,83.08043404,,2024-08-02T09:43:39.193+02:00,2017,2017-01-01T00:00:00+01:00,2017-12-31T00:00:00+01:00
6592727,WHOSIS_000001,COUNTRY,ROU,YEAR,EUR,Europe,SEX,SEX_BTSX,2016,,,,,,,75.1 [75.1-75.2],75.08359177,75.05378933,75.17910003,,2024-08-02T09:43:39.193+02:00,2016,2016-01-01T00:00:00+01:00,2016-12-31T00:00:00+01:00
6633686,WHOSIS_000001,COUNTRY,ITA,YEAR,EUR,Europe,SEX,SEX_BTSX,2021,,,,,,,82.2 [82.2-82.3],82.19747411,82.19536272,82.26001123,,2024-08-02T09:43:39.193+02:00,2021,2021-01-01T00:00:00+01:00,2021-12-31T00:00:00+01:00
6715540,WHOSIS_000001,COUNTRY,FRA,YEAR,EUR,Europe,SEX,SEX_MLE,2018,,,,,,,79.6 [79.6-79.6],79.57958954,79.57077819,79.64876448,,2024-08-02T09:43:39.193+02:00,2018,2018-01-01T00:00:00+01:00,2018-12-31T00:00:00+01:00
6735653,WHOSIS_000001,COUNTRY,ROU,YEAR,EUR,Europe,SEX,SEX_MLE,2019,,,,,,,71.8 [71.7-71.9],71.77610691,71.73601791,71.86335755,,2024-08-02T09:43:39.193+02:00,2019,2019-01-01T00:00:00+01:00,2019-12-31T00:00:00+01:00
6746647,WHOSIS_000001,COUNTRY,NLD,YEAR,EUR,Europe,SEX,SEX_BTSX,2015,,,,,,,81.3 [81.3-81.4],81.28069061,81.27441117,81.35643542,,2024-08-02T09:43:39.193+02:00,2015,2015-01-01T00:00:00+01:00,2015-12-31T00:00:00+01:00
6869326,WHOSIS_000001,COUNTRY,DEU,YEAR,EUR,Europe,SEX,SEX_MLE,2017,,,,,,,78.5 [78.4-78.6],78.50647209,78.44970282,78.56324135,,2024-08-02T09:43:39.193+02:00,2017,2017-01-01T00:00:00+01:00,2017-12-31T00:00:00+01:00
6870293,WHOSIS_000001,COUNTRY,PRT,YEAR,EUR,Europe,SEX,SEX_FMLE,2021,,,,,,,83.9 [83.9-84.0],83.88307768,83.8550133,83.97670553,,2024-08-02T09:43:39.193+02:00,2021,2021-01-01T00:00:00+01:00,2021-12-31T00:00:00+01:00
6969433,WHOSIS_000001,COUNTRY,POL,YEAR,EUR,Europe,SEX,SEX_BTSX,2016,,,,,,,77.7 [77.7-77.7],77.66853135,77.66054508,77.74489752,,2024-08-02T09:43:39.193+02:00,2016,2016-01-01T00:00:00+01:00,2016-12-31T00:00:00+01:00
7098092,WHOSIS_000001,COUNTRY,DEU,YEAR,EUR,Europe,SEX,SEX_MLE,2020,,,,,,,78.5 [78.5-78.6],78.51577838,78.46210017,78.56945659,,2024-08-02T09:43:39.193+02:00,2020,2020-01-01T00:00:00+01:00,2020-12-31T00:00:00+01:00
7131632,WHOSIS_000001,COUNTRY,POL,YEAR,EUR,Europe,SEX,SEX_BTSX,2017,,,,,,,77.6 [77.6-77.6],77.56192606,77.55792614,77.62760947,,2024-08-02T09:43:39.193+02:00,2017,2017-01-01T00:00:00+01:00,2017-12-31T00:00:00+01:00
7155708,WHOSIS_000001,COUNTRY,ITA,YEAR,EUR,Europe,SEX,SEX_MLE,2017,,,,,,,80.4 [80.3-80.4],80.39306635,80.33761841,80.4485143,,2024-08-02T09:43:39.193+02:00,2017,2017-01-01T00:00:00+01:00,2017-12-31T00:00:00+01:00
7218158,WHOSIS_000001,COUNTRY,DEU,YEAR,EUR,Europe,SEX,SEX_FMLE,2019,,,,,,,83.2 [83.1-83.2],83.186281,83.12496532,83.24759669,,2024-08-02T09:43:39.193+02:00,2019,2019-01-01T00:00:00+01:00,2019-12-31T00:00:00+01:00
7462540,WHOSIS_000001,COUNTRY,GRC,YEAR,EUR,Europe,SEX,SEX_FMLE,2018,,,,,,,83.2 [83.2-83.3],83.23920608,83.22768296,83.31699732,,2024-08-02T09:43:39.193+02:00,2018,2018-01-01T00:00:00+01:00,2018-12-31T00:00:00+01:00
7464720,WHOSIS_000001,COUNTRY,DEU,YEAR,EUR,Europe,SEX,SEX_FMLE,2016,,,,,,,83.0 [82.9-83.1],82.99511864,82.93398513,83.05625215,,2024-08-02T09:43:39.193+02:00,2016,2016-01-01T00:00:00+01:00,2016-12-31T00:00:00+01:00
7474753,WHOSIS_000001,COUNTRY,FRA,YEAR,EUR,Europe,SEX,SEX_FMLE,2018,,,,,,,85.0 [85.0-85.1],85.04064201,85.02887513,85.11295259,,2024-08-02T09:43:39.193+02:00,2018,2018-01-01T00:00:00+01:00,2018-12-31T00:00:00+01:00
7519908,WHOSIS_000001,COUNTRY,ROU,YEAR,EUR,Europe,SEX,SEX_FMLE,2018,,,,,,,78.9 [78.8-79.0],78.87413384,78.83963174,78.96917126,,2024-08-02T09:43:39.193+02:00,2018,2018-01-01T00:00:00+01:00,2018-12-31T00:00:00+01:00
7522709,WHOSIS_000001,COUNTRY,POL,YEAR,EUR,Europe,SEX,SEX_FMLE,2017,,,,,,,81.4 [81.3-81.4],81.35287756,81.34014552,81.42344632,,2024-08-02T09:43:39.193+02:00,2017,2017-01-01T00:00:00+01:00,2017-12-31T00:00:00+01:00
7522817,WHOSIS_000001,COUNTRY,PRT,YEAR,EUR,Europe,SEX,SEX_MLE,2015,,,,,,,77.9 [77.9-78.0],77.92082616,77.90699373,77.99157363,,2024-08-02T09:43:39.193+02:00,2015,2015-01-01T00:00:00+01:00,2015-12-31T00:00:00+01:00
7561954,WHOSIS_000001,COUNTRY,PRT,YEAR,EUR,Europe,SEX,SEX_MLE,2020,,,,,,,77.8 [77.8-77.9],77.81551633,77.8033012,77.89321666,,2024-08-02T09:43:39.193+02:00,2020,2020-01-01T00:00:00+01:00,2020-12-31T00:00:00+01:00
7631125,WHOSIS_000001,COUNTRY,NLD,YEAR,EUR,Europe,SEX,SEX_BTSX,2020,,,,,,,81.4 [81.4-81.5],81.40141308,81.39133581,81.48162132,,2024-08-02T09:43:39.193+02:00,2020,2020-01-01T00:00:00+01:00,2020-12-31T00:00:00+01:00
7671503,WHOSIS_000001,COUNTRY,NLD,YEAR,EUR,Europe,SEX,SEX_MLE,2020,,,,,,,79.8 [79.8-79.9],79.84736459,79.76525213,79.92947704,,2024-08-02T09:43:39.193+02:00,2020,2020-01-01T00:00:00+01:00,2020-12-31T00:00:00+01:00
7683260,WHOSIS_000001,COUNTRY,GRC,YEAR,EUR,Europe,SEX,SEX_FMLE,2017,,,,,,,82.9 [82.8-82.9],82.86155149,82.8424199,82.93901456,,2024-08-02T09:43:39.193+02:00,2017,2017-01-01T00:00:00+01:00,2017-12-31T00:00:00+01:00
7705162,WHOSIS_000001,COUNTRY,PRT,YEAR,EUR,Europe,SEX,SEX_MLE,2016,,,,,,,77.9 [77.8-77.9],77.85111819,77.84296324,77.92871373,,2024-08-02T09:43:39.193+02:00,2016,2016-01-01T00:00:00+01:00,2016-12-31T00:00:00+01:00
7725094,WHOSIS_000001,COUNTRY,GRC,YEAR,EUR,Europe,SEX,SEX_BTSX,2020,,,,,,,80.6 [80.6-80.7],80.6317386,80.61456083,80.72054899,,2024-08-02T09:43:39.193+02:00,2020,2020-01-01T00:00:00+01:00,2020-12-31T00:00:00+01:00
7754732,WHOSIS_000001,COUNTRY,NLD,YEAR,EUR,Europe,SEX,SEX_MLE,2021,,,,,,,79.6 [79.6-79.7],79.58002654,79.55846726,79.66622315,,2024-08-02T09:43:39.193+02:00,2021,2021-01-01T00:00:00+01:00,2021-12-31T00:00:00+01:00
7762551,WHOSIS_000001,COUNTRY,NLD,YEAR,EUR,Europe,SEX,SEX_BTSX,2018,,,,,,,81.9 [81.9-82.0],81.8952079,81.88365704,81.96841951,,2024-08-02T09:43:39.193+02:00,2018,2018-01-01T00:00:00+01:00,2018-12-31T00:00:00+01:00
7774051,WHOSIS_000001,COUNTRY,ROU,YEAR,EUR,Europe,SEX,SEX_BTSX,2019,,,,,,,75.5 [75.4-75.6],75.4603753,75.42405198,75.56522234,,2024-08-02T09:43:39.193+02:00,2019,2019-01-01T00:00:00+01:00,2019-12-31T00:00:00+01:00
7797615,WHOSIS_000001,COUNTRY,DEU,YEAR,EUR,Europe,SEX,SEX_FMLE,2018,,,,,,,82.9 [82.8-82.9],82.86294343,82.80729612,82.91859073,,2024-08-02T09:43:39.193+02:00,2018,2018-01-01T00:00:00+01:00,2018-12-31T00:00:00+01:00
7829121,WHOSIS_000001,COUNTRY,FRA,YEAR,EUR,Europe,SEX,SEX_MLE,2016,,,,,,,79.2 [79.2-79.3],79.23735213,79.2138952,79.32483694,,2024-08-02T09:43:39.193+02:00,2016,2016-01-01T00:00:00+01:00,2016-12-31T00:00:00+01:00
7830979,WHOSIS_000001,COUNTRY,ROU,YEAR,EUR,Europe,SEX,SEX_MLE,2017,,,,,,,71.5 [71.5-71.6],71.52198464,71.48389743,71.62967439,,2024-08-02T09:43:39.193+02:00,2017,2017-01-01T00:00:00+01:00,2017-12-31T00:00:00+01:00
7846730,WHOSIS_000001,COUNTRY,PRT,YEAR,EUR,Europe,SEX,SEX_BTSX,2016,,,,,,,80.9 [80.9-81.0],80.90466136,80.89046677,80.98311439,,2024-08-02T09:43:39.193+02:00,2016,2016-01-01T00:00:00+01:00,2016-12-31T00:00:00+01:00
7850776,WHOSIS_000001,COUNTRY,ITA,YEAR,EUR,Europe,SEX,SEX_MLE,2021,,,,,,,80.0 [80.0-80.0],79.97563155,79.96809926,80.04578442,,2024-08-02T09:43:39.193+02:00,2021,2021-01-01T00:00:00+01:00,2021-12-31T00:00:00+01:00
7862948,WHOSIS_000001,COUNTRY,ESP,YEAR,EUR,Europe,SEX,SEX_MLE,2015,,,,,,,79.7 [79.6-79.7],79.664908,79.6025696,79.72724641,,2024-08-02T09:43:39.193+02:00,2015,2015-01-01T00:00:00+01:00,2015-12-31T00:00:00+01:00
7989439,WHOSIS_000001,COUNTRY,NLD,YEAR,EUR,Europe,SEX,SEX_MLE,2015,,,,,,,79.7 [79.7-79.7],79.66832648,79.66516411,79.74599147,,2024-08-02T09:43:39.193+02:00,2015,2015-01-01T00:00:00+01:00,2015-12-31T00:00:00+01:00
8040450,WHOSIS_000001,COUNTRY,NLD,YEAR,EUR,Europe,SEX,SEX_MLE,2018,,,,,,,80.4 [80.4-80.5],80.44074785,80.36504953,80.51644618,,2024-08-02T09:43:39.193+02:00,2018,2018-01-01T00:00:00+01:00,2018-12-31T00:00:00+01:00
8079556,WHOSIS_000001,COUNTRY,POL,YEAR,EUR,Europe,SEX,SEX_BTSX,2018,,,,,,,77.6 [77.6-77.6],77.56054122,77.5585436,77.62857372,,2024-08-02T09:43:39.193+02:00,2018,2018-01-01T00:00:00+01:00,2018-12-31T00:00:00+01:00
8413853,WHOSIS_000001,COUNTRY,BEL,YEAR,EUR,Europe,SEX,SEX_FMLE,2018,,,,,,,83.3 [83.3-83.4],83.33902344,83.32313005,83.41357806,,2024-08-02T09:43:39.193+02:00,2018,2018-01-01T00:00:00+01:00,2018-12-31T00:00:00+01:00
8454510,WHOSIS_000001,COUNTRY,ROU,YEAR,EUR,Europe,SEX,SEX_BTSX,2020,,,,,,,74.1 [74.1-74.2],74.09623224,74.07128445,74.19713505,,2024-08-02T09:43:39.193+02:00,2020,2020-01-01T00:00:00+01:00,2020-12-31T00:00:00+01:00
8470796,WHOSIS_000001,COUNTRY,BEL,YEAR,EUR,Europe,SEX,SEX_MLE,2017,,,,,,,78.9 [78.9-79.0],78.90220538,78.89174662,78.98425896,,2024-08-02T09:43:39.193+02:00,2017,2017-01-01T00:00:00+01:00,2017-12-31T00:00:00+01:00
8496240,WHOSIS_000001,COUNTRY,ESP,YEAR,EUR,Europe,SEX,SEX_FMLE,2016,,,,,,,85.4 [85.4-85.4],85.35675646,85.35574142,85.41480511,,2024-08-02T09:43:39.193+02:00,2016,2016-01-01T00:00:00+01:00,2016-12-31T00:00:00+01:00
8515447,WHOSIS_000001,COUNTRY,GRC,YEAR,EUR,Europe,SEX,SEX_MLE,2018,,,,,,,78.9 [78.8-78.9],78.86212624,78.8481957,78.93860203,,2024-08-02T09:43:39.193+02:00,2018,2018-01-01T00:00:00+01:00,2018-12-31T00:00:00+01:00
8616354,WHOSIS_000001,COUNTRY,POL,YEAR,EUR,Europe,SEX,SEX_MLE,2017,,,,,,,73.7 [73.7-73.8],73.7301524,73.7245179,73.79154133,,2024-08-02T09:43:39.193+02:00,2017,2017-01-01T00:00:00+01:00,2017-12-31T00:00:00+01:00
8638666,WHOSIS_000001,COUNTRY,ESP,YEAR,EUR,Europe,SEX,SEX_FMLE,2020,,,,,,,84.5 [84.5-84.6],84.51405232,84.50920733,84.57953323,,2024-08-02T09:43:39.193+02:00,2020,2020-01-01T00:00:00+01:00,2020-12-31T00:00:00+01:00
8699458,WHOSIS_000001,COUNTRY,ITA,YEAR,EUR,Europe,SEX,SEX_BTSX,2016,,,,,,,82.9 [82.8-82.9],82.86744999,82.80779168,82.92710829,,2024-08-02T09:43:39.193+02:00,2016,2016-01-01T00:00:00+01:00,2016-12-31T00:00:00+01:00
8822792,WHOSIS_000001,COUNTRY,NLD,YEAR,EUR,Europe,SEX,SEX_FMLE,2019,,,,,,,83.8 [83.7-83.8],83.76002655,83.7372797,83.84326873,,2024-08-02T09:43:39.193+02:00,2019,2019-01-01T00:00:00+01:00,2019-12-31T00:00:00+01:00
8846525,WHOSIS_000001,COUNTRY,BEL,YEAR,EUR,Europe,SEX,SEX_MLE,2016,,,,,,,78.7 [78.7-78.8],78.70422516,78.67708125,78.79611308,,2024-08-02T09:43:39.193+02:00,2016,2016-01-01T00:00:00+01:00,2016-12-31T00:00:00+01:00
8897346,WHOSIS_000001,COUNTRY,POL,YEAR,EUR,Europe,SEX,SEX_BTSX,2019,,,,,,,77.7 [77.7-77.8],77.72984544,77.72561161,77.79861216,,2024-08-02T09:43:39.193+02:00,2019,2019-01-01T00:00:00+01:00,2019-12-31T00:00:00+01:00
8909772,WHOSIS_000001,COUNTRY,ROU,YEAR,EUR,Europe,SEX,SEX_FMLE,2016,,,,,,,78.7 [78.7-78.9],78.74772283,78.7174953,78.85502594,,2024-08-02T09:43:39.193+02:00,2016,2016-01-01T00:00:00+01:00,2016-12-31T00:00:00+01:00
9089713,WHOSIS_000001,COUNTRY,BEL,YEAR,EUR,Europe,SEX,SEX_MLE,2021,,,,,,,79.3 [79.2-79.4],79.28523112,79.23527087,79.39426605,,2024-08-02T09:43:39.193+02:00,2021,2021-01-01T00:00:00+01:00,2021-12-31T00:00:00+01:00
9104515,WHOSIS_000001,COUNTRY,ROU,YEAR,EUR,Europe,SEX,SEX_BTSX,2015,,,,,,,74.9 [74.9-75.0],74.90936922,74.87260426,75.02409538,,2024-08-02T09:43:39.193+02:00,2015,2015-01-01T00:00:00+01:00,2015-12-31T00:00:00+01:00
9154076,WHOSIS_000001,COUNTRY,POL,YEAR,EUR,Europe,SEX,SEX_BTSX,2020,,,,,,,76.4 [76.4-76.5],76.38788167,76.38124771,76.47079083,,2024-08-02T09:43:39.193+02:00,2020,2020-01-01T00:00:00+01:00,2020-12-31T00:00:00+01:00
9216795,WHOSIS_000001,COUNTRY,POL,YEAR,EUR,Europe,SEX,SEX_MLE,2020,,,,,,,72.4 [72.4-72.5],72.43489549,72.41914639,72.50493037,,2024-08-02T09:43:39.193+02:00,2020,2020-01-01T00:00:00+01:00,2020-12-31T00:00:00+01:00
9313663,WHOSIS_000001,COUNTRY,DEU,YEAR,EUR,Europe,SEX,SEX_BTSX,2021,,,,,,,80.5 [80.5-80.6],80.49140555,80.48998607,80.55839127,,2024-08-02T09:43:39.193+02:00,2021,2021-01-01T00:00:00+01:00,2021-12-31T00:00:00+01:00
9403954,WHOSIS_000001,COUNTRY,ROU,YEAR,EUR,Europe,SEX,SEX_FMLE,2020,,,,,,,78.1 [78.1-78.2],78.08633272,78.05348641,78.1818874,,2024-08-02T09:43:39.193+02:00,2020,2020-01-01T00:00:00+01:00,2020-12-31T00:00:00+01:00
9423606,WHOSIS_000001,COUNTRY,PRT,YEAR,EUR,Europe,SEX,SEX_BTSX,2017,,,,,,,81.1 [81.1-81.2],81.14657369,81.13281832,81.21908556,,2024-08-02T09:43:39.193+02:00,2017,2017-01-01T00:00:00+01:00,2017-12-31T00:00:00+01:00
9471308,WHOSIS_000001,COUNTRY,NLD,YEAR,EUR,Europe,SEX,SEX_BTSX,2016,,,,,,,81.3 [81.3-81.4],81.34048104,81.33666149,81.41028499,,2024-08-02T09:43:39.193+02:00,2016,2016-01-01T00:00:00+01:00,2016-12-31T00:00:00+01:00
9527160,WHOSIS_000001,COUNTRY,PRT,YEAR,EUR,Europe,SEX,SEX_MLE,2019,,,,,,,78.4 [78.4-78.5],78.37896875,78.35556447,78.45862525,,2024-08-02T09:43:39.193+02:00,2019,2019-01-01T00:00:00+01:00,2019-12-31T00:00:00+01:00
9527606,WHOSIS_000001,COUNTRY,POL,YEAR,EUR,Europe,SEX,SEX_FMLE,2016,,,,,,,81.6 [81.5-81.6],81.56120761,81.54815071,81.62892733,,2024-08-02T09:43:39.193+02:00,2016,2016-01-01T00:00:00+01:00,2016-12-31T00:00:00+01:00
9528988,WHOSIS_000001,COUNTRY,PRT,YEAR,EUR,Europe,SEX,SEX_BTSX,2018,,,,,,,81.1 [81.0-81.1],81.06316039,81.0428427,81.13814147,,2024-08-02T09:43:39.193+02:00,2018,2018-01-01T00:00:00+01:00,2018-12-31T00:00:00+01:00
9550382,WHOSIS_000001,COUNTRY,ESP,YEAR,EUR,Europe,SEX,SEX_BTSX,2017,,,,,,,82.7 [82.6-82.7],82.67579627,82.6152258,82.73636673,,2024-08-02T09:43:39.193+02:00,2017,2017-01-01T00:00:00+01:00,2017-12-31T00:00:00+01:00
9619507,WHOSIS_000001,COUNTRY,GRC,YEAR,EUR,Europe,SEX,SEX_FMLE,2019,,,,,,,83.0 [83.0-83.1],83.01154433,82.99599847,83.09993011,,2024-08-02T09:43:39.193+02:00,2019,2019-01-01T00:00:00+01:00,2019-12-31T00:00:00+01:00
9642658,WHOSIS_000001,COUNTRY,POL,YEAR,EUR,Europe,SEX,SEX_MLE,2018,,,,,,,73.7 [73.7-73.8],73.73561922,73.73114022,73.80144634,,2024-08-02T09:43:39.193+02:00,2018,2018-01-01T00:00:00+01:00,2018-12-31T00:00:00+01:00
9751503,WHOSIS_000001,COUNTRY,DEU,YEAR,EUR,Europe,SEX,SEX_FMLE,2017,,,,,,,83.0 [82.9-83.0],82.97260801,82.91869534,83.02652069,,2024-08-02T09:43:39.193+02:00,2017,2017-01-01T00:00:00+01:00,2017-12-31T00:00:00+01:00
9830791,WHOSIS_000001,COUNTRY,ESP,YEAR,EUR,Europe,SEX,SEX_BTSX,2021,,,,,,,82.7 [82.7-82.7],82.66267258,82.65498483,82.73443759,,2024-08-02T09:43:39.193+02:00,2021,2021-01-01T00:00:00+01:00,2021-12-31T00:00:00+01:00
9835000,WHOSIS_000001,COUNTRY,ESP,YEAR,EUR,Europe,SEX,SEX_FMLE,2021,,,,,,,85.3 [85.3-85.4],85.29773694,85.28640261,85.36598638,,2024-08-02T09:43:39.193+02:00,2021,2021-01-01T00:00:00+01:00,2021-12-31T00:00:00+01:00
9851132,WHOSIS_000001,COUNTRY,NLD,YEAR,EUR,Europe,SEX,SEX_BTSX,2021,,,,,,,81.1 [81.1-81.2],81.12478594,81.1100165,81.20815265,,2024-08-02T09:43:39.193+02:00,2021,2021-01-01T00:00:00+01:00,2021-12-31T00:00:00+01:00
9870145,WHOSIS_000001,COUNTRY,BEL,YEAR,EUR,Europe,SEX,SEX_BTSX,2020,,,,,,,80.8 [80.8-80.8],80.77564866,80.76118616,80.84976458,,2024-08-02T09:43:39.193+02:00,2020,2020-01-01T00:00:00+01:00,2020-12-31T00:00:00+01:00
9913633,WHOSIS_000001,COUNTRY,NLD,YEAR,EUR,Europe,SEX,SEX_FMLE,2015,,,,,,,82.8 [82.8-82.9],82.81619499,82.8108659,82.88636831,,2024-08-02T09:43:39.193+02:00,2015,2015-01-01T00:00:00+01:00,2015-12-31T00:00:00+01:00
9993043,WHOSIS_000001,COUNTRY,PRT,YEAR,EUR,Europe,SEX,SEX_MLE,2017,,,,,,,78.1 [78.1-78.2],78.11638146,78.10316308,78.19426232,,2024-08-02T09:43:39.193+02:00,2017,2017-01-01T00:00:00+01:00,2017-12-31T00:00:00+01:00
10017428,WHOSIS_000001,COUNTRY,GRC,YEAR,EUR,Europe,SEX,SEX_BTSX,2017,,,,,,,80.7 [80.7-80.8],80.69403193,80.67212802,80.77624564,,2024-08-02T09:43:39.193+02:00,2017,2017-01-01T00:00:00+01:00,2017-12-31T00:00:00+01:00
10073062,WHOSIS_000001,COUNTRY,PRT,YEAR,EUR,Europe,SEX,SEX_MLE,2021,,,,,,,78.3 [78.2-78.4],78.27280839,78.24541875,78.36101682,,2024-08-02T09:43:39.193+02:00,2021,2021-01-01T00:00:00+01:00,2021-12-31T00:00:00+01:00
10142768,WHOSIS_000001,COUNTRY,GRC,YEAR,EUR,Europe,SEX,SEX_MLE,2017,,,,,,,78.5 [78.5-78.6],78.53350845,78.51071304,78.60747201,,2024-08-02T09:43:39.193+02:00,2017,2017-01-01T00:00:00+01:00,2017-12-31T00:00:00+01:00
