iso3,country_name,year,europ_cofog_recretion_culture_eur_per_capita,public_expenditure_usd_per_capita,private_expenditure_usd_per_capita,expenditure_per_capita_usd,human_development_index,gdp_per_capita_usd,fifa_points,fifa_rank,age_min,age_max,youth_unemployment_rate_pct,life_expectancy,public_private_exp_ratio,culture_exp_gdp_ratio,regional_dev_index,sport_culture_index,youth_wellbeing_index,income_category,football_performance_category,culture_exp_category,gdp_per_capita_usd_growth_pct_final,europ_cofog_recretion_culture_eur_per_capita_growth_pct_final,expenditure_per_capita_usd_growth_pct_final,fifa_points_growth_pct_final,gdp_per_capita_usd_growth_pct,gdp_per_capita_usd_growth_3y_ma_pct,gdp_per_capita_usd_growth_country_avg_pct,europ_cofog_recretion_culture_eur_per_capita_growth_pct,europ_cofog_recretion_culture_eur_per_capita_growth_3y_ma_pct,europ_cofog_recretion_culture_eur_per_capita_growth_country_avg_pct,expenditure_per_capita_usd_growth_pct,expenditure_per_capita_usd_growth_3y_ma_pct,expenditure_per_capita_usd_growth_country_avg_pct,fifa_points_growth_pct,fifa_points_growth_3y_ma_pct,fifa_points_growth_country_avg_pct
DNK,Denmark,2015,265.9,82.12,98.83,180.95,0.936,53094.0,1530.0,12.0,15,24,9.05,79.55000000000001,0.8309217848831327,0.5008098843560478,61.56367790164555,64.67490584335039,81.52593667543653,Haut revenu,Bonne,Dépenses élevées,0.0,0.0,0.0,0.0,,,4.778279383614355,,,1.56997967738892,,,0.0,,,1.4917066081808816
AUT,Austria,2015,246.0,61.32,75.64,136.95,0.91,43915.0,1535.0,11.0,15,24,9.4,79.6,0.8106821787414067,0.5601730615962655,53.623605131754616,62.281815926569095,74.48416978614432,Revenu moyen-supérieur,Bonne,Dépenses élevées,0.0,0.0,0.0,0.0,,,3.5078247774607587,,,1.5678855344424354,,,0.0,,,-0.5216348386901067
FIN,Finland,2015,235.0,79.59,84.97,164.56,0.93,42560.0,1250.0,26.0,15,24,15.45,81.0,0.9366835353654231,0.5521616541353384,59.08917419389069,33.896574276628854,70.13890288205508,Revenu moyen-supérieur,Faible,Dépenses élevées,0.0,0.0,0.0,0.0,,,3.8347714406207807,,,1.5732127971488097,,,0.0,,,0.9558746074594874
DEU,Germany,2015,228.1,60.65,112.3,172.95,0.938,41911.0,1637.0,8.0,15,24,6.25,80.45,0.5400712377560107,0.5442485266397843,62.96116633330215,69.29875284725198,82.32271107485323,Revenu moyen-supérieur,Bonne,Dépenses élevées,0.0,0.0,0.0,0.0,,,3.8454127451968207,,,1.5649040400839198,,,0.0,,,-0.003994184836853136
FRA,France,2015,213.9,66.68,87.01,153.69,0.892,36702.0,1685.0,6.0,15,24,15.7,79.9,0.7663486955522354,0.5828020271374857,45.87455393940456,71.76969396269817,62.11504510173859,Revenu moyen-supérieur,Bonne,Dépenses élevées,0.0,0.0,0.0,0.0,,,3.092455137722206,,,1.5768664163408666,,,0.0,,,0.005596840910920757
NLD,Netherlands,2015,209.0,75.01,99.6,174.61,0.932,45794.0,1738.0,4.0,15,24,6.65,79.6,0.7531124497991969,0.4563916670306154,59.84083795271646,76.04898401028393,81.86607748908672,Revenu moyen-supérieur,Excellente,Dépenses élevées,0.0,0.0,0.0,0.0,,,4.7571425384641435,,,1.5702256003211341,,,0.0,,,-0.5755498066156809
SWE,Sweden,2015,202.8,74.27,90.7,164.97,0.937,51198.0,1457.0,16.0,15,24,13.899999999999999,81.35,0.8188533627342888,0.3961092230165241,65.10344078088235,48.73056539094743,75.37679514940433,Haut revenu,Moyenne,Dépenses élevées,0.0,0.0,0.0,0.0,,,3.194046224147819,,,1.5701127774926178,,,0.0,,,0.042470290388559796
BEL,Belgium,2015,190.7,65.81,88.01,153.82,0.924,40894.0,1717.0,5.0,15,24,14.899999999999999,83.65,0.7477559368253608,0.4663275786178901,66.87730687846783,71.44096885501003,69.38803010267432,Revenu moyen-supérieur,Excellente,Dépenses modérées,0.0,0.0,0.0,0.0,,,4.095020984799511,,,1.5694300785579947,,,0.0,,,0.567498311322362
ITA,Italy,2015,168.9,51.71,76.0,127.72,0.882,30640.0,1656.0,7.0,15,24,21.05,80.6,0.6803947368421053,0.5512402088772846,41.89872663381706,62.56760109154055,52.491157488095304,Revenu moyen-inférieur,Bonne,Dépenses modérées,0.0,0.0,0.0,0.0,,,3.3287306303003725,,,1.5689885105492074,,,0.0,,,0.48186889753574397
SVN,Slovenia,2015,159.1,46.45,62.96,109.41,0.903,20697.0,1266.0,24.0,15,24,8.4,80.55,0.7377700127064803,0.7687104411267333,48.831972174662376,24.480413161633702,68.53783926154621,Revenu moyen-inférieur,Faible,Dépenses modérées,0.0,0.0,0.0,0.0,,,6.0658993673282,,,1.5718946574847976,,,0.0,,,-0.3534704331957516
IRL,Ireland,2015,152.1,50.2,86.62,136.82,0.925,64312.0,1268.0,23.0,15,24,7.550000000000001,79.4,0.5795428307550219,0.2365032964299042,63.08586428097594,23.661306691324054,84.42968812565104,Haut revenu,Faible,Dépenses modérées,0.0,0.0,0.0,0.0,,,8.556900547990008,,,1.5665529869628028,,,0.0,,,0.0744303221107745
ESP,Spain,2015,149.9,51.49,72.93,124.43,0.889,25982.0,1786.0,2.0,15,24,25.9,82.9,0.7060194707253531,0.5769378800708183,47.49715156427453,72.05949347105388,46.608292309094736,Revenu moyen-inférieur,Excellente,Dépenses modérées,0.0,0.0,0.0,0.0,,,3.122370784060655,,,1.5757881049143443,,,0.0,,,-0.6332568221707451
PRT,Portugal,2015,114.4,39.78,54.46,94.24,0.85,19216.0,1748.0,3.0,15,24,13.7,81.5,0.7304443628351084,0.5953372189841799,38.7396496140628,63.37791209039038,53.13225059396929,Faible revenu,Excellente,Dépenses modérées,0.0,0.0,0.0,0.0,,,4.430913245899885,,,1.567307595412389,,,0.0,,,-0.6048003642635598
POL,Poland,2015,101.8,36.29,54.0,90.3,0.868,12638.0,1396.0,18.0,15,24,10.95,80.69999999999999,0.672037037037037,0.8055072005064091,38.766088585754034,28.461514174240545,57.67400400222969,Faible revenu,Moyenne,Dépenses modérées,0.0,0.0,0.0,0.0,,,6.8835679792251545,,,1.5740403917808747,,,0.0,,,1.394089763146004
SVK,Slovakia,2015,92.2,25.11,35.82,60.93,0.851,16442.0,1387.0,19.0,15,24,12.05,80.80000000000001,0.7010050251256281,0.5607590317479626,36.43260026801232,26.233824225885748,54.55922319079142,Faible revenu,Moyenne,Faibles dépenses,0.0,0.0,0.0,0.0,,,5.1932445616529606,,,1.5712803804148707,,,0.0,,,-1.6599044591099137
HRV,Croatia,2015,81.0,34.63,44.68,79.31,0.843,12285.0,1620.0,9.0,15,24,11.350000000000001,79.55,0.7750671441360788,0.6593406593406593,29.562529081843277,46.53453913984799,53.017576364416875,Faible revenu,Bonne,Faibles dépenses,0.0,0.0,0.0,0.0,,,6.6590749068891695,,,1.5776159619127874,,,0.0,,,-0.19129165721724814
HUN,Hungary,2015,74.3,27.91,46.47,74.37,0.838,12783.0,1376.0,20.0,15,24,9.9,84.05000000000001,0.6006025392726491,0.5812407103183915,45.0850989830112,22.623801898919737,54.07003720686148,Faible revenu,Moyenne,Faibles dépenses,0.0,0.0,0.0,0.0,,,7.080673282847812,,,1.5686713606844054,,,0.0,,,-0.4242098084413559
ROU,Romania,2015,57.6,27.36,38.41,65.77,0.813,8977.0,1317.0,22.0,15,24,10.3,81.1,0.7123145014319188,0.6416397460176005,28.549341068982095,14.672334859385218,48.52083553163128,Faible revenu,Moyenne,Faibles dépenses,0.0,0.0,0.0,0.0,,,9.090832155723213,,,1.5859721062507142,,,0.0,,,0.10518994845469838
BGR,Bulgaria,2015,50.4,23.36,31.7,55.05,0.809,7269.0,1265.0,25.0,15,24,8.2,81.35,0.7369085173501577,0.6933553446141147,29.1130713154827,8.746081504702195,49.94664532479659,Faible revenu,Faible,Faibles dépenses,0.0,0.0,0.0,0.0,,,10.275389647773734,,,1.587181128201226,,,0.0,,,-0.5538926816188431
DNK,Denmark,2016,273.7,82.12,98.83,180.95,0.943,54501.0,1585.0,9.0,15,24,9.25,79.25,0.8309217848831327,0.5021926203188932,62.23324649893465,70.96962179472723,82.79341169829189,Haut revenu,Bonne,Dépenses élevées,2.650016951067924,2.9334336216622736,0.0,3.594771241830075,2.650016951067924,2.650016951067924,2.650016951067924,2.9334336216622736,2.9334336216622736,2.9334336216622736,0.0,0.0,0.0,3.594771241830075,3.594771241830075,3.594771241830075
AUT,Austria,2016,253.2,61.32,75.64,136.95,0.915,45061.0,1502.0,11.0,15,24,9.6,79.45,0.8106821787414067,0.5619049732584718,54.341778056241424,60.21433887372861,75.35736580630206,Revenu moyen-supérieur,Bonne,Dépenses élevées,2.6095867015826,2.9268292682926855,0.0,-2.1498371335504918,2.6095867015826,2.6095867015826,2.6095867015826,2.9268292682926855,2.9268292682926855,2.9268292682926855,0.0,0.0,0.0,-2.1498371335504918,-2.1498371335504918,-2.1498371335504918
FIN,Finland,2016,241.9,79.59,84.97,164.56,0.931,43451.0,1302.0,24.0,15,24,15.8,81.5,0.9366835353654231,0.5567190628524085,61.13275776793838,39.77966216368598,70.1125017866247,Revenu moyen-supérieur,Moyenne,Dépenses élevées,2.093515037593985,2.936170212765954,0.0,4.160000000000008,2.093515037593985,2.093515037593985,2.093515037593985,2.936170212765954,2.936170212765954,2.936170212765954,0.0,0.0,0.0,4.160000000000008,4.160000000000008,4.160000000000008
DEU,Germany,2016,234.8,60.65,112.3,172.95,0.941,42961.0,1538.0,10.0,15,24,6.4,80.4,0.5400712377560107,0.5465422127045461,63.62923309623562,60.95243679664419,82.90431289432199,Revenu moyen-supérieur,Bonne,Dépenses élevées,2.5053088687933878,2.937308198158717,0.0,-6.0476481368356705,2.5053088687933878,2.5053088687933878,2.5053088687933878,2.937308198158717,2.937308198158717,2.937308198158717,0.0,0.0,0.0,-6.0476481368356705,-6.0476481368356705,-6.0476481368356705
FRA,France,2016,220.2,66.68,87.01,153.69,0.895,37024.0,1689.0,6.0,15,24,16.1,80.19999999999999,0.7663486955522354,0.5947493517718236,47.41409448296381,73.0523443314314,62.20830228609289,Revenu moyen-supérieur,Bonne,Dépenses élevées,0.8773363849381433,2.94530154277699,0.0,0.23738872403560318,0.8773363849381433,0.8773363849381433,0.8773363849381433,2.94530154277699,2.94530154277699,2.94530154277699,0.0,0.0,0.0,0.23738872403560318,0.23738872403560318,0.23738872403560318
NLD,Netherlands,2016,215.2,75.01,99.6,174.61,0.933,46809.0,1704.0,4.0,15,24,6.75,80.0,0.7531124497991969,0.459740648165951,61.69511573725677,73.74357817820977,82.17185667354343,Revenu moyen-supérieur,Excellente,Dépenses élevées,2.2164475695505947,2.966507177033484,0.0,-1.9562715765247374,2.2164475695505947,2.2164475695505947,2.2164475695505947,2.966507177033484,2.966507177033484,2.966507177033484,0.0,0.0,0.0,-1.9562715765247374,-1.9562715765247374,-1.9562715765247374
SWE,Sweden,2016,208.8,74.27,90.7,164.97,0.939,51820.0,1407.0,19.0,15,24,14.2,81.55,0.8188533627342888,0.40293323041296797,66.2401741063153,44.89168038609864,75.50426673725553,Haut revenu,Moyenne,Dépenses élevées,1.2148912066877626,2.9585798816567976,0.0,-3.4317089910775533,1.2148912066877626,1.2148912066877626,1.2148912066877626,2.9585798816567976,2.9585798816567976,2.9585798816567976,0.0,0.0,0.0,-3.4317089910775533,-3.4317089910775533,-3.4317089910775533
BEL,Belgium,2016,196.3,65.81,88.01,153.82,0.927,41855.0,1723.0,3.0,15,24,15.25,83.25,0.7477559368253608,0.4690001194600406,66.2043307542398,72.81098757357749,69.7065249108548,Revenu moyen-supérieur,Excellente,Dépenses modérées,2.349977991881458,2.9365495542737374,0.0,0.34944670937682165,2.349977991881458,2.349977991881458,2.349977991881458,2.9365495542737374,2.9365495542737374,2.9365495542737374,0.0,0.0,0.0,0.34944670937682165,0.34944670937682165,0.34944670937682165
ITA,Italy,2016,173.9,51.71,76.0,127.72,0.887,31392.0,1693.0,5.0,15,24,21.5,81.19999999999999,0.6803947368421053,0.5539627930682977,44.983304629760944,66.76664937642363,52.96236465897623,Revenu moyen-inférieur,Bonne,Dépenses modérées,2.4543080939947837,2.960331557134399,0.0,2.2342995169082114,2.4543080939947837,2.4543080939947837,2.4543080939947837,2.960331557134399,2.960331557134399,2.960331557134399,0.0,0.0,0.0,2.2342995169082114,2.2342995169082114,2.2342995169082114
SVN,Slovenia,2016,163.8,46.45,62.96,109.41,0.91,21448.0,1345.0,21.0,15,24,8.55,80.5,0.7377700127064803,0.7637075718015666,50.19158483087482,32.58613923907896,69.6957293254141,Revenu moyen-inférieur,Moyenne,Dépenses modérées,3.628545199787414,2.9541169076052975,0.0,6.240126382306488,3.628545199787414,3.628545199787414,3.628545199787414,2.9541169076052975,2.9541169076052975,2.9541169076052975,0.0,0.0,0.0,6.240126382306488,6.240126382306488,6.240126382306488
IRL,Ireland,2016,156.5,50.2,86.62,136.82,0.929,64193.0,1330.0,23.0,15,24,7.699999999999999,79.8,0.5795428307550219,0.24379605252909195,65.15253256606813,30.125121219638707,84.87244338749846,Haut revenu,Moyenne,Dépenses modérées,-0.18503545217066764,2.8928336620644313,0.0,4.889589905362768,-0.18503545217066764,-0.18503545217066764,-0.18503545217066764,2.8928336620644313,2.8928336620644313,2.8928336620644313,0.0,0.0,0.0,4.889589905362768,4.889589905362768,4.889589905362768
ESP,Spain,2016,154.3,51.49,72.93,124.43,0.895,26756.0,1778.0,1.0,15,24,26.5,83.5,0.7060194707253531,0.57669307818807,50.712604906851126,71.94023589905505,47.06851424962858,Revenu moyen-inférieur,Excellente,Dépenses modérées,2.9789854514663983,2.9352901934623032,0.0,-0.4479283314669624,2.9789854514663983,2.9789854514663983,2.9789854514663983,2.9352901934623032,2.9352901934623032,2.9352901934623032,0.0,0.0,0.0,-0.4479283314669624,-0.4479283314669624,-0.4479283314669624
PRT,Portugal,2016,117.8,39.78,54.46,94.24,0.853,19980.0,1666.0,7.0,15,24,14.0,81.6,0.7304443628351084,0.5895895895895895,39.768692247704365,56.1555219774024,53.45983501112481,Faible revenu,Bonne,Dépenses modérées,3.9758534554537928,2.9720279720279574,0.0,-4.691075514874143,3.9758534554537928,3.9758534554537928,3.9758534554537928,2.9720279720279574,2.9720279720279574,2.9720279720279574,0.0,0.0,0.0,-4.691075514874143,-4.691075514874143,-4.691075514874143
POL,Poland,2016,104.8,36.29,54.0,90.3,0.872,12464.0,1465.0,15.0,15,24,11.149999999999999,81.35,0.672037037037037,0.8408215661103979,41.66124816743411,35.38219706366568,58.04251499033833,Faible revenu,Moyenne,Dépenses modérées,-1.3768001266023067,2.946954813359537,0.0,4.942693409742116,-1.3768001266023067,-1.3768001266023067,-1.3768001266023067,2.946954813359537,2.946954813359537,2.946954813359537,0.0,0.0,0.0,4.942693409742116,4.942693409742116,4.942693409742116
SVK,Slovakia,2016,94.9,25.11,35.82,60.93,0.854,16636.0,1343.0,22.0,15,24,12.3,80.75,0.7010050251256281,0.5704496273142583,36.78706499927334,22.484382400036086,54.79945797106138,Faible revenu,Moyenne,Faibles dépenses,1.1799051210314992,2.9284164859002093,0.0,-3.172314347512617,1.1799051210314992,1.1799051210314992,1.1799051210314992,2.9284164859002093,2.9284164859002093,2.9284164859002093,0.0,0.0,0.0,-3.172314347512617,-3.172314347512617,-3.172314347512617
HRV,Croatia,2016,83.4,34.63,44.68,79.31,0.848,12821.0,1616.0,8.0,15,24,11.55,79.85,0.7750671441360788,0.6504952811793152,31.656660609511164,46.50368733226585,53.73305672780524,Faible revenu,Bonne,Faibles dépenses,4.363044363044355,2.9629629629629672,0.0,-0.24691358024691024,4.363044363044355,4.363044363044355,4.363044363044355,2.9629629629629672,2.9629629629629672,2.9629629629629672,0.0,0.0,0.0,-0.24691358024691024,-0.24691358024691024,-0.24691358024691024
HUN,Hungary,2016,76.5,27.91,46.47,74.37,0.843,13216.0,1384.0,20.0,15,24,10.149999999999999,84.44999999999999,0.6006025392726491,0.5788438256658596,47.47109018202893,23.692699758688345,54.6988628841751,Faible revenu,Moyenne,Faibles dépenses,3.387311272784177,2.960969044414541,0.0,0.5813953488372103,3.387311272784177,3.387311272784177,3.387311272784177,2.960969044414541,2.960969044414541,2.960969044414541,0.0,0.0,0.0,0.5813953488372103,0.5813953488372103,0.5813953488372103
ROU,Romania,2016,59.3,27.36,38.41,65.77,0.816,9405.0,1431.0,17.0,15,24,10.55,80.85,0.7123145014319188,0.6305156831472621,28.280754538495415,25.63794231072822,48.82157107203899,Faible revenu,Moyenne,Faibles dépenses,4.767739779436342,2.951388888888884,0.0,8.65603644646924,4.767739779436342,4.767739779436342,4.767739779436342,2.951388888888884,2.951388888888884,2.951388888888884,0.0,0.0,0.0,8.65603644646924,8.65603644646924,8.65603644646924
BGR,Bulgaria,2016,51.9,23.36,31.7,55.05,0.809,7822.0,1246.0,25.0,15,24,8.350000000000001,81.15,0.7369085173501577,0.6635131679877269,28.51696428058959,7.175074987032318,49.90955158810548,Faible revenu,Faible,Faibles dépenses,7.60764892007153,2.9761904761904656,0.0,-1.5019762845849827,7.60764892007153,7.60764892007153,7.60764892007153,2.9761904761904656,2.9761904761904656,2.9761904761904656,0.0,0.0,0.0,-1.5019762845849827,-1.5019762845849827,-1.5019762845849827
DNK,Denmark,2017,281.5,82.12,98.83,180.95,0.944,57522.0,1520.0,13.0,15,24,9.4,79.25,0.8309217848831327,0.48937797712179687,63.2945925104552,65.9790712884238,83.55781868868465,Haut revenu,Bonne,Dépenses élevées,5.543017559310837,2.849835586408478,0.0,-4.100946372239744,5.543017559310837,4.09651725518938,5.543017559310837,2.849835586408478,2.8916346040353758,2.849835586408478,0.0,0.0,0.0,-4.100946372239744,-0.2530875652048348,-4.100946372239744
AUT,Austria,2017,260.5,61.32,75.64,136.95,0.916,47164.0,1565.0,9.0,15,24,9.8,79.45,0.8106821787414067,0.5523280468153676,55.09429550081039,67.18946347624095,75.82439965116595,Revenu moyen-supérieur,Bonne,Dépenses élevées,4.667006946139685,2.8830963665086973,0.0,4.194407456724369,4.667006946139685,3.6382968238611424,4.667006946139685,2.8830963665086973,2.9049628174006914,2.8830963665086973,0.0,0.0,0.0,4.194407456724369,1.0222851615869388,4.194407456724369
FIN,Finland,2017,248.8,79.59,84.97,164.56,0.934,46085.0,1249.0,24.0,15,24,16.1,81.2,0.9366835353654231,0.5398719756970815,61.35068283045955,35.78814190027288,70.92357518436827,Revenu moyen-supérieur,Faible,Dépenses élevées,6.0620008745483345,2.8524183546920323,0.0,-4.070660522273428,6.0620008745483345,4.07775795607116,6.0620008745483345,2.8524183546920323,2.894294283728993,2.8524183546920323,0.0,0.0,0.0,-4.070660522273428,0.044669738863289954,-4.070660522273428
DEU,Germany,2017,241.5,60.65,112.3,172.95,0.944,45527.0,1532.0,10.0,15,24,6.550000000000001,80.75,0.5400712377560107,0.5304544555977772,66.15895883452765,61.352202250738586,83.87787690340116,Revenu moyen-supérieur,Bonne,Dépenses élevées,5.972859104769435,2.8534923339011975,0.0,-0.39011703511053764,5.972859104769435,4.239083986781411,5.972859104769435,2.8534923339011975,2.895400266029957,2.8534923339011975,0.0,0.0,0.0,-0.39011703511053764,-3.218882585973104,-0.39011703511053764
FRA,France,2017,226.5,66.68,87.01,153.69,0.898,38687.0,1728.0,2.0,15,24,16.4,80.15,0.7663486955522354,0.5854679866621862,48.200322003421164,77.62653075032136,62.76832338429048,Revenu moyen-supérieur,Excellente,Dépenses élevées,4.491681071737252,2.8610354223433276,0.0,2.3090586145648295,4.491681071737252,2.684508728337698,4.491681071737252,2.8610354223433276,2.903168482560159,2.8610354223433276,0.0,0.0,0.0,2.3090586145648295,1.2732236693002164,2.3090586145648295
NLD,Netherlands,2017,221.3,75.01,99.6,174.61,0.937,49514.0,1669.0,5.0,15,24,6.949999999999999,79.85,0.7531124497991969,0.4469442985822192,62.70090605116462,71.32973996977967,83.28473385155208,Revenu moyen-supérieur,Bonne,Dépenses élevées,5.778803221602691,2.834572490706333,0.0,-2.0539906103286376,5.778803221602691,3.9976253955766428,5.778803221602691,2.834572490706333,2.9005398338699084,2.834572490706333,0.0,0.0,0.0,-2.0539906103286376,-2.0051310934266873,-2.0539906103286376
SWE,Sweden,2017,214.7,74.27,90.7,164.97,0.941,53301.0,1531.0,11.0,15,24,14.5,81.8,0.8188533627342888,0.4028067015628224,67.81733408014101,57.40204325567758,75.85383299586886,Haut revenu,Bonne,Dépenses élevées,2.857969895793122,2.8256704980842873,0.0,8.813077469793896,2.857969895793122,2.0364305512404424,2.857969895793122,2.8256704980842873,2.8921251898705425,2.8256704980842873,0.0,0.0,0.0,8.813077469793896,2.6906842393581716,8.813077469793896
BEL,Belgium,2017,201.9,65.81,88.01,153.82,0.931,44035.0,1810.0,1.0,15,24,15.55,83.7,0.7477559368253608,0.45849892131259223,69.08617172029442,81.79856115107914,70.5636151847313,Revenu moyen-supérieur,Excellente,Dépenses élevées,5.208457770875641,2.85277636271013,0.0,5.049332559489272,5.208457770875641,3.7792178813785493,5.208457770875641,2.85277636271013,2.8946629584919337,2.85277636271013,0.0,0.0,0.0,5.049332559489272,2.699389634433047,5.049332559489272
ITA,Italy,2017,178.8,51.71,76.0,127.72,0.888,32844.0,1691.0,3.0,15,24,22.0,81.15,0.6803947368421053,0.5443916697113628,45.215871947034906,67.28359757335197,52.90093822891076,Revenu moyen-inférieur,Bonne,Dépenses modérées,4.6253822629969354,2.817711328349626,0.0,-0.11813349084465186,4.6253822629969354,3.5398451784958596,4.6253822629969354,2.817711328349626,2.8890214427420124,2.817711328349626,0.0,0.0,0.0,-0.11813349084465186,1.0580830130317798,-0.11813349084465186
SVN,Slovenia,2017,168.5,46.45,62.96,109.41,0.913,23303.0,1354.0,22.0,15,24,8.75,80.8,0.7377700127064803,0.7230828648671844,52.30279284257554,34.10879321621073,70.42544009216317,Revenu moyen-inférieur,Moyenne,Dépenses modérées,8.648825065274156,2.869352869352859,0.0,0.6691449814126393,8.648825065274156,6.138685132530785,8.648825065274156,2.869352869352859,2.9117348884790784,2.869352869352859,0.0,0.0,0.0,0.6691449814126393,3.4546356818595636,0.6691449814126393
IRL,Ireland,2017,161.0,50.2,86.62,136.82,0.934,72198.0,1406.0,18.0,15,24,7.9,80.05,0.5795428307550219,0.22299786697692459,69.390085293688,37.91993865722469,87.51903562041201,Haut revenu,Moyenne,Dépenses modérées,12.470207031919367,2.8753993610223683,0.0,5.714285714285716,12.470207031919367,6.1425857898743494,12.470207031919367,2.8753993610223683,2.8841165115433998,2.8753993610223683,0.0,0.0,0.0,5.714285714285716,5.301937809824242,5.714285714285716
ESP,Spain,2017,158.8,51.49,72.93,124.43,0.897,28381.0,1660.0,6.0,15,24,27.049999999999997,83.6,0.7060194707253531,0.5595292625347944,51.69265521544379,61.490539230057955,47.15519169723055,Revenu moyen-inférieur,Bonne,Dépenses modérées,6.073404096277479,2.9163966299416755,0.0,-6.636670416197976,6.073404096277479,4.526194773871939,6.073404096277479,2.9163966299416755,2.9258434117019894,2.9163966299416755,0.0,0.0,0.0,-6.636670416197976,-3.5422993738324693,-6.636670416197976
PRT,Portugal,2017,121.1,39.78,54.46,94.24,0.859,21442.0,1630.0,8.0,15,24,14.3,81.7,0.7304443628351084,0.5647794049062588,41.60253187072597,53.24476218398322,54.45808358609699,Revenu moyen-inférieur,Bonne,Dépenses modérées,7.317317317317307,2.8013582342954146,0.0,-2.1608643457383003,7.317317317317307,5.646585386385549,7.317317317317307,2.8013582342954146,2.886693103161686,2.8013582342954146,0.0,0.0,0.0,-2.1608643457383003,-3.4259699303062217,-2.1608643457383003
POL,Poland,2017,107.8,36.29,54.0,90.3,0.875,13913.0,1414.0,17.0,15,24,11.45,81.2,0.672037037037037,0.7748149212966291,42.03325389493757,31.017613495410565,58.54720633353814,Faible revenu,Moyenne,Dépenses modérées,11.62548138639281,2.8625954198473247,0.0,-3.4812286689419825,11.62548138639281,5.124340629895252,11.62548138639281,2.8625954198473247,2.904775116603431,2.8625954198473247,0.0,0.0,0.0,-3.4812286689419825,0.7307323704000668,-3.4812286689419825
SVK,Slovakia,2017,97.7,25.11,35.82,60.93,0.856,17646.0,1392.0,19.0,15,24,12.55,81.1,0.7010050251256281,0.5536665533265329,38.5899280586413,27.49541056809725,55.08727106823203,Faible revenu,Moyenne,Faibles dépenses,6.071170954556382,2.950474183350882,0.0,3.6485480268056536,6.071170954556382,3.6255380377939406,6.071170954556382,2.950474183350882,2.9394453346255456,2.950474183350882,0.0,0.0,0.0,3.6485480268056536,0.2381168396465183,3.6485480268056536
HRV,Croatia,2017,85.8,34.63,44.68,79.31,0.852,13903.0,1687.0,4.0,15,24,11.8,79.55000000000001,0.7750671441360788,0.6171329928792346,31.613149708611616,53.52612706073386,54.36628282910073,Faible revenu,Bonne,Faibles dépenses,8.439279307386327,2.877697841726601,0.0,4.393564356435653,8.439279307386327,6.4011618352153405,8.439279307386327,2.877697841726601,2.920330402344784,2.877697841726601,0.0,0.0,0.0,4.393564356435653,2.0733253880943714,4.393564356435653
HUN,Hungary,2017,78.7,27.91,46.47,74.37,0.845,14736.0,1473.0,15.0,15,24,10.350000000000001,83.9,0.6006025392726491,0.5340662323561346,46.32576081991316,32.37915247739112,55.17856062201906,Faible revenu,Moyenne,Faibles dépenses,11.501210653753024,2.8758169934640643,0.0,6.430635838150289,11.501210653753024,7.444260963268601,11.501210653753024,2.8758169934640643,2.9183930189393026,2.8758169934640643,0.0,0.0,0.0,6.430635838150289,3.50601559349375,6.430635838150289
ROU,Romania,2017,61.0,27.36,38.41,65.77,0.823,10728.0,1354.0,21.0,15,24,10.75,81.15,0.7123145014319188,0.5686055182699478,31.01121779161826,18.641167316930154,50.067327873306446,Faible revenu,Moyenne,Faibles dépenses,14.066985645933006,2.866779089376048,0.0,-5.380852550663873,14.066985645933006,9.417362712684675,14.066985645933006,2.866779089376048,2.909083989132466,2.866779089376048,0.0,0.0,0.0,-5.380852550663873,1.637591947902684,-5.380852550663873
BGR,Bulgaria,2017,53.4,23.36,31.7,55.05,0.808,8697.0,1222.0,25.0,15,24,8.55,81.05,0.7369085173501577,0.614004829251466,28.148499116743253,5.133849033625764,49.73228833175375,Faible revenu,Faible,Faibles dépenses,11.186397340833555,2.8901734104046284,0.0,-1.9261637239165297,11.186397340833555,9.397023130452542,11.186397340833555,2.8901734104046284,2.933181943297547,2.8901734104046284,0.0,0.0,0.0,-1.9261637239165297,-1.7140700042507562,-1.9261637239165297
DNK,Denmark,2018,289.3,82.12,98.83,180.95,0.942,61325.0,1536.0,11.0,15,24,9.6,79.6,0.8309217848831327,0.4717488789237668,65.2037084895322,68.60607564105456,83.9741918920154,Haut revenu,Bonne,Dépenses élevées,6.611383470672094,2.7708703374778043,0.0,1.0526315789473717,6.611383470672094,4.934805993683618,6.611383470672094,2.7708703374778043,2.851379848516185,2.7708703374778043,0.0,0.0,0.0,1.0526315789473717,0.1821521495125674,1.0526315789473717
AUT,Austria,2018,267.7,61.32,75.64,136.95,0.917,51194.0,1478.0,14.0,15,24,10.0,79.45,0.8106821787414067,0.5229128413485955,56.44468455966374,60.043616517444356,76.78965984126683,Haut revenu,Moyenne,Dépenses élevées,8.544652701212785,2.7639155470249532,0.0,-5.5591054313099075,8.544652701212785,5.273748782978356,8.544652701212785,2.7639155470249532,2.8579470606087782,2.7639155470249532,0.0,0.0,0.0,-5.5591054313099075,-1.1715117027120099,-5.5591054313099075
FIN,Finland,2018,255.8,79.59,84.97,164.56,0.936,49654.0,1263.0,24.0,15,24,16.45,81.65,0.9366835353654231,0.5151649413944496,64.24730889829338,38.111950564939896,71.75297036999157,Revenu moyen-supérieur,Faible,Dépenses élevées,7.744385374850826,2.813504823151125,0.0,1.1208967173738982,7.744385374850826,5.299967095664382,7.744385374850826,2.813504823151125,2.8673644635363704,2.813504823151125,0.0,0.0,0.0,1.1208967173738982,0.4034120650334927,1.1208967173738982
DEU,Germany,2018,248.2,60.65,112.3,172.95,0.945,48875.0,1685.0,5.0,15,24,6.65,80.35,0.5400712377560107,0.5078260869565216,65.95446522291003,76.70494576125932,84.78685383743644,Revenu moyen-supérieur,Bonne,Dépenses élevées,7.353877918597762,2.7743271221531973,0.0,9.98694516971279,7.353877918597762,5.277348630720195,7.353877918597762,2.7743271221531973,2.8550425514043702,2.7743271221531973,0.0,0.0,0.0,9.98694516971279,1.1830599992555273,9.98694516971279
FRA,France,2018,232.8,66.68,87.01,153.69,0.901,41418.0,1698.0,4.0,15,24,16.75,80.65,0.7663486955522354,0.5620744603795451,51.20694140766764,75.7116889560452,63.54445214735912,Revenu moyen-supérieur,Bonne,Dépenses élevées,7.059218859048255,2.7814569536423805,0.0,-1.736111111111116,7.059218859048255,4.142745438574551,7.059218859048255,2.7814569536423805,2.8625979729209,2.7814569536423805,0.0,0.0,0.0,-1.736111111111116,0.2701120758297722,-1.736111111111116
NLD,Netherlands,2018,227.5,75.01,99.6,174.61,0.939,53955.0,1626.0,8.0,15,24,7.050000000000001,79.95,0.7531124497991969,0.4216476693540913,64.77073582278202,68.1779391533795,84.63970490929765,Haut revenu,Bonne,Dépenses élevées,8.969180433816692,2.801626751016717,0.0,-2.5763930497303744,8.969180433816692,5.654810408323326,8.969180433816692,2.801626751016717,2.867568806252178,2.801626751016717,0.0,0.0,0.0,-2.5763930497303744,-2.1955517455279163,-2.5763930497303744
SWE,Sweden,2018,220.7,74.27,90.7,164.97,0.942,54182.0,1469.0,16.0,15,24,14.8,82.15,0.8188533627342888,0.40733084788306073,69.36008552451148,52.43463160506077,75.88487040747233,Haut revenu,Moyenne,Dépenses élevées,1.6528770567156403,2.7945971122496527,0.0,-4.049640757674721,1.6528770567156403,1.9085793863988416,1.6528770567156403,2.7945971122496527,2.859615830663579,2.7945971122496527,0.0,0.0,0.0,-4.049640757674721,0.4439092403472073,-4.049640757674721
BEL,Belgium,2018,207.5,65.81,88.01,153.82,0.933,47487.0,1802.0,2.0,15,24,15.899999999999999,83.5,0.7477559368253608,0.4369616947796239,69.68562776682818,81.8519654495839,71.36275999028572,Revenu moyen-supérieur,Excellente,Dépenses élevées,7.839218803224712,2.7736503219415454,0.0,-0.44198895027623974,7.839218803224712,5.132551521993936,7.839218803224712,2.7736503219415454,2.8543254129751374,2.7736503219415454,0.0,0.0,0.0,-0.44198895027623974,1.6522634395299516,-0.44198895027623974
ITA,Italy,2018,183.8,51.71,76.0,127.72,0.893,34904.0,1749.0,3.0,15,24,22.450000000000003,81.25,0.6803947368421053,0.5265872106348842,46.967139991581746,73.45756748832908,53.71032913594631,Revenu moyen-inférieur,Excellente,Dépenses modérées,6.272074047010112,2.796420581655479,0.0,3.42992312241277,6.272074047010112,4.450588134667277,6.272074047010112,2.796420581655479,2.8581544890465014,2.796420581655479,0.0,0.0,0.0,3.42992312241277,1.8486963828254435,3.42992312241277
SVN,Slovenia,2018,173.2,46.45,62.96,109.41,0.917,25888.0,1213.0,25.0,15,24,8.95,81.15,0.7377700127064803,0.669035846724351,55.01048235425821,21.524864121242192,71.50729123933193,Revenu moyen-inférieur,Faible,Dépenses modérées,11.092992318585582,2.7893175074183985,0.0,-10.4135893648449,11.092992318585582,7.7901208612157165,11.092992318585582,2.7893175074183985,2.870929094792185,2.7893175074183985,0.0,0.0,0.0,-10.4135893648449,-1.1681060003752572,-10.4135893648449
IRL,Ireland,2018,165.5,50.2,86.62,136.82,0.937,80739.0,1286.0,22.0,15,24,8.0,79.80000000000001,0.5795428307550219,0.20498148354574616,71.710669456765,27.282154213932927,90.09746142466378,Haut revenu,Faible,Dépenses modérées,11.829967589129886,2.795031055900621,0.0,-8.5348506401138,11.829967589129886,8.038379722959528,11.829967589129886,2.795031055900621,2.854421359662473,2.795031055900621,0.0,0.0,0.0,-8.5348506401138,0.6896749931782278,-8.5348506401138
ESP,Spain,2018,163.2,51.49,72.93,124.43,0.901,30602.0,1638.0,7.0,15,24,27.65,83.7,0.7060194707253531,0.5332984772237108,53.22576792674572,60.05466723799643,47.662738474020955,Revenu moyen-inférieur,Bonne,Dépenses modérées,7.8256580106409235,2.7707808564231495,0.0,-1.3253012048192736,7.8256580106409235,5.626015852794933,7.8256580106409235,2.7707808564231495,2.8741558932757094,2.7707808564231495,0.0,0.0,0.0,-1.3253012048192736,-2.803299984161404,-1.3253012048192736
PRT,Portugal,2018,124.5,39.78,54.46,94.24,0.86,23541.0,1604.0,9.0,15,24,14.600000000000001,81.0,0.7304443628351084,0.5288645342168983,39.87100645768261,51.28882975124603,54.8040352107252,Revenu moyen-inférieur,Bonne,Dépenses modérées,9.789198768771579,2.8075970272502193,0.0,-1.5950920245398792,9.789198768771579,7.02745651384756,9.789198768771579,2.8075970272502193,2.8603277445245303,2.8075970272502193,0.0,0.0,0.0,-1.5950920245398792,-2.815677295050774,-1.5950920245398792
POL,Poland,2018,110.8,36.29,54.0,90.3,0.877,15658.0,1475.0,15.0,15,24,11.649999999999999,81.5,0.672037037037037,0.7076254949546558,43.914254841341894,37.18594528765702,59.08507787920687,Faible revenu,Moyenne,Dépenses modérées,12.542226694458414,2.782931354359919,0.0,4.314002828854324,12.542226694458414,7.596969318082972,12.542226694458414,2.782931354359919,2.864160529188927,2.782931354359919,0.0,0.0,0.0,4.314002828854324,1.925155856551486,4.314002828854324
SVK,Slovakia,2018,100.4,25.11,35.82,60.93,0.859,19573.0,1263.0,23.0,15,24,12.85,81.25,0.7010050251256281,0.5129515148418741,40.15371647442892,15.75223833472407,55.71554943427735,Faible revenu,Faible,Dépenses modérées,10.920321885979822,2.763561924257929,0.0,-9.267241379310342,10.920321885979822,6.057132653855901,10.920321885979822,2.763561924257929,2.8808175311696735,2.763561924257929,0.0,0.0,0.0,-9.267241379310342,-2.9303359000057685,-9.267241379310342
HRV,Croatia,2018,88.2,34.63,44.68,79.31,0.856,15460.0,1683.0,6.0,15,24,12.1,79.5,0.7750671441360788,0.5705045278137129,32.562568067751144,53.49527525315171,55.06229629286689,Faible revenu,Bonne,Faibles dépenses,11.199021793857433,2.7972027972028135,0.0,-0.23710729104919892,11.199021793857433,8.000448488096039,11.199021793857433,2.7972027972028135,2.8792878672974602,2.7972027972028135,0.0,0.0,0.0,-0.23710729104919892,1.3031811617131812,-0.23710729104919892
HUN,Hungary,2018,80.8,27.91,46.47,74.37,0.849,16605.0,1343.0,18.0,15,24,10.6,84.25,0.6006025392726491,0.4866004215597712,48.78729434694074,20.45560542161882,56.015265775572736,Faible revenu,Moyenne,Faibles dépenses,12.683224755700317,2.668360864040653,0.0,-8.825526137135098,12.683224755700317,9.190582227412506,12.683224755700317,2.668360864040653,2.835048967306419,2.668360864040653,0.0,0.0,0.0,-8.825526137135098,-0.6044983167158661,-8.825526137135098
ROU,Romania,2018,62.7,27.36,38.41,65.77,0.827,12502.0,1301.0,21.0,15,24,10.95,81.0,0.7123145014319188,0.5015197568389058,31.728155758406885,13.901445614668141,50.93949476204906,Faible revenu,Moyenne,Faibles dépenses,16.53616703952274,2.786885245901649,0.0,-3.9143279172821233,16.53616703952274,11.790297488297362,16.53616703952274,2.786885245901649,2.868351074722194,2.786885245901649,0.0,0.0,0.0,-3.9143279172821233,-0.21304800715891847,-3.9143279172821233
BGR,Bulgaria,2018,54.9,23.36,31.7,55.05,0.809,9872.0,1180.0,26.0,15,24,8.75,81.69999999999999,0.7369085173501577,0.5561183144246353,30.873964560335544,1.3998331115671725,49.95938753812261,Faible revenu,Faible,Faibles dépenses,13.510405887087495,2.8089887640449396,0.0,-3.436988543371522,13.510405887087495,10.768150715997526,13.510405887087495,2.8089887640449396,2.8917842168800107,2.8089887640449396,0.0,0.0,0.0,-3.436988543371522,-2.2883761839576784,-3.436988543371522
DNK,Denmark,2019,297.2,82.12,98.83,180.95,0.946,59404.0,1592.0,11.0,15,24,9.8,80.05000000000001,0.8309217848831327,0.5003030098983233,66.86119113852666,75.00922396878735,83.89101558114687,Haut revenu,Bonne,Dépenses élevées,-3.1324908275580876,2.7307293466989124,0.0,3.645833333333326,-3.1324908275580876,3.007303400808281,-3.1324908275580876,2.7307293466989124,2.783811756861732,2.7307293466989124,0.0,0.0,0.0,3.645833333333326,0.19917284668031776,3.645833333333326
AUT,Austria,2019,274.9,61.32,75.64,136.95,0.919,49886.0,1482.0,13.0,15,24,10.2,79.6,0.8106821787414067,0.5510564086116345,56.856721654091885,61.45576328905527,76.53817745231774,Revenu moyen-supérieur,Moyenne,Dépenses élevées,-2.5549869125288116,2.6895778856929287,0.0,0.27063599458727605,-2.5549869125288116,3.5522242449412196,-2.5549869125288116,2.6895778856929287,2.77886326640886,2.6895778856929287,0.0,0.0,0.0,0.27063599458727605,-0.36468732666608733,0.27063599458727605
FIN,Finland,2019,262.7,79.59,84.97,164.56,0.939,48358.0,1333.0,22.0,15,24,16.8,81.44999999999999,0.9366835353654231,0.5432400016543281,63.56972743192237,45.687828420649055,71.4879172481254,Revenu moyen-supérieur,Moyenne,Dépenses élevées,-2.6100616264550736,2.697419859265038,0.0,5.542359461599378,-2.6100616264550736,3.7321082076480288,-2.6100616264550736,2.697419859265038,2.7877810123693982,2.697419859265038,0.0,0.0,0.0,5.542359461599378,0.8641985522332826,5.542359461599378
DEU,Germany,2019,254.9,60.65,112.3,172.95,0.948,47624.0,1622.0,10.0,15,24,6.8,80.2,0.5400712377560107,0.5352343356290946,65.56079692926147,71.74420964795561,84.77353151555059,Revenu moyen-supérieur,Bonne,Dépenses élevées,-2.559590792838873,2.699435938759076,0.0,-3.7388724035608334,-2.559590792838873,3.589048743509442,-2.559590792838873,2.699435938759076,2.775751798271157,2.699435938759076,0.0,0.0,0.0,-3.7388724035608334,1.9526519103471394,-3.7388724035608334
FRA,France,2019,239.1,66.68,87.01,153.69,0.905,40408.0,1797.0,1.0,15,24,17.1,80.65,0.7663486955522354,0.5917145119778261,51.50982499478434,85.92850860377527,63.516743091805104,Revenu moyen-supérieur,Excellente,Dépenses élevées,-2.438553286010914,2.7061855670102997,0.0,5.830388692579502,-2.438553286010914,3.0374488815915313,-2.438553286010914,2.7061855670102997,2.7828926476653364,2.7061855670102997,0.0,0.0,0.0,5.830388692579502,2.1344453986777387,5.830388692579502
NLD,Netherlands,2019,233.6,75.01,99.6,174.61,0.943,53555.0,1643.0,8.0,15,24,7.199999999999999,80.5,0.7531124497991969,0.4361870973765287,67.27196009164896,70.65438307661081,85.00980754892838,Haut revenu,Bonne,Dépenses élevées,-0.7413585395236733,2.6813186813186896,0.0,1.045510455104548,-0.7413585395236733,4.668875038631903,-0.7413585395236733,2.6813186813186896,2.7725059743472467,2.6813186813186896,0.0,0.0,0.0,1.045510455104548,-1.1949577349848213,1.045510455104548
SWE,Sweden,2019,226.7,74.27,90.7,164.97,0.947,51773.0,1541.0,12.0,15,24,15.100000000000001,81.75,0.8188533627342888,0.43787302261796684,68.05769862756634,60.06910083218692,75.7188722447911,Haut revenu,Bonne,Dépenses élevées,-4.446126019711338,2.718622564567297,0.0,4.901293396868622,-4.446126019711338,0.021573644265808174,-4.446126019711338,2.718622564567297,2.7796300583004125,2.718622564567297,0.0,0.0,0.0,4.901293396868622,3.2215767029959324,4.901293396868622
BEL,Belgium,2019,213.1,65.81,88.01,153.82,0.936,46717.0,1775.0,2.0,15,24,16.2,83.8,0.7477559368253608,0.45615086585183123,70.93438326129913,80.11853589228932,71.29372831320485,Revenu moyen-supérieur,Excellente,Dépenses élevées,-1.6214964095436657,2.6987951807228905,0.0,-1.4983351831298508,-1.6214964095436657,3.808726721518896,-1.6214964095436657,2.6987951807228905,2.775073955124855,2.6987951807228905,0.0,0.0,0.0,-1.4983351831298508,1.0363361420277273,-1.4983351831298508
ITA,Italy,2019,188.8,51.71,76.0,127.72,0.897,33813.0,1671.0,6.0,15,24,22.9,81.1,0.6803947368421053,0.5583651258391743,46.67513415560028,66.84156875126858,53.54162949036772,Revenu moyen-inférieur,Bonne,Dépenses modérées,-3.1257162502865032,2.7203482045701888,0.0,-4.459691252144083,-3.1257162502865032,2.5905800199068483,-3.1257162502865032,2.7203482045701888,2.778160038191764,2.7203482045701888,0.0,0.0,0.0,-4.459691252144083,-0.38263387352532136,-4.459691252144083
SVN,Slovenia,2019,177.8,46.45,62.96,109.41,0.921,25814.0,1328.0,23.0,15,24,9.1,81.1,0.7377700127064803,0.6887735337413807,55.525894961923996,33.00178164678289,71.96168126274432,Revenu moyen-inférieur,Moyenne,Dépenses modérées,-0.2858467243510465,2.6558891454965483,0.0,9.480626545754323,-0.2858467243510465,6.485323553169564,-0.2858467243510465,2.6558891454965483,2.7715198407559356,2.6558891454965483,0.0,0.0,0.0,9.480626545754323,-0.08793927922597906,9.480626545754323
IRL,Ireland,2019,170.0,50.2,86.62,136.82,0.942,81810.0,1383.0,18.0,15,24,8.2,80.3,0.5795428307550219,0.20779855763354113,74.6664424233392,37.05189328161295,90.95126617554658,Haut revenu,Moyenne,Dépenses modérées,1.3264964886857689,2.7190332326284095,0.0,7.54276827371696,1.3264964886857689,8.542223703245007,1.3264964886857689,2.7190332326284095,2.7964878831837994,2.7190332326284095,0.0,0.0,0.0,7.54276827371696,1.5740677826296252,7.54276827371696
ESP,Spain,2019,167.6,51.49,72.93,124.43,0.908,29787.0,1717.0,4.0,15,24,28.200000000000003,83.25,0.7060194707253531,0.5626615637694296,52.51613176144732,68.11722784781578,47.93554675859775,Revenu moyen-inférieur,Excellente,Dépenses modérées,-2.663224625841454,2.6960784313725616,0.0,4.822954822954828,-2.663224625841454,3.745279160358983,-2.663224625841454,2.6960784313725616,2.7944186392457957,2.6960784313725616,0.0,0.0,0.0,4.822954822954828,-1.0463389326874741,4.822954822954828
PRT,Portugal,2019,127.9,39.78,54.46,94.24,0.867,23343.0,1710.0,5.0,15,24,14.899999999999999,81.65,0.7304443628351084,0.5479158634280084,43.29893587839569,61.7466904219571,55.53648905188957,Revenu moyen-inférieur,Excellente,Dépenses modérées,-0.8410857652606074,2.7309236947791193,0.0,6.608478802992512,-0.8410857652606074,5.42181010694276,-0.8410857652606074,2.7309236947791193,2.7799596521082512,2.7309236947791193,0.0,0.0,0.0,6.608478802992512,0.9508408109047775,6.608478802992512
POL,Poland,2019,113.8,36.29,54.0,90.3,0.881,15875.0,1461.0,14.0,15,24,11.9,81.55,0.672037037037037,0.7168503937007874,44.81976007802518,36.300985543853315,59.49465800819827,Faible revenu,Moyenne,Dépenses modérées,1.3858730361476557,2.707581227436817,0.0,-0.9491525423728775,1.3858730361476557,8.51786037233296,1.3858730361476557,2.707581227436817,2.784369333881353,2.707581227436817,0.0,0.0,0.0,-0.9491525423728775,-0.038792794153511924,-0.9491525423728775
SVK,Slovakia,2019,103.1,25.11,35.82,60.93,0.862,19406.0,1311.0,24.0,15,24,13.100000000000001,81.45,0.7010050251256281,0.5312789858806555,41.26574245174934,20.654834126429265,55.86244757177068,Faible revenu,Moyenne,Dépenses modérées,-0.8532161651254255,2.689243027888444,0.0,3.8004750593824133,-0.8532161651254255,5.37942555847026,-0.8532161651254255,2.689243027888444,2.8010930451657514,2.689243027888444,0.0,0.0,0.0,3.8004750593824133,-0.6060727643740916,3.8004750593824133
HRV,Croatia,2019,90.5,34.63,44.68,79.31,0.861,15564.0,1669.0,7.0,15,24,12.3,80.0,0.7750671441360788,0.5814700591107684,35.218319316103816,52.509596084887576,55.66608294523171,Faible revenu,Bonne,Faibles dépenses,0.6727037516170764,2.6077097505669,0.0,-0.8318478906714222,0.6727037516170764,6.770334950953612,0.6727037516170764,2.6077097505669,2.760870129832105,2.6077097505669,0.0,0.0,0.0,-0.8318478906714222,1.108203058238344,-0.8318478906714222
HUN,Hungary,2019,83.0,27.91,46.47,74.37,0.853,17013.0,1351.0,19.0,15,24,10.8,84.5,0.6006025392726491,0.4878622230059366,50.471721080282784,21.52450328138743,56.53425301325477,Faible revenu,Moyenne,Faibles dépenses,2.4570912375790455,2.722772277227725,0.0,0.5956813104988745,2.4570912375790455,8.88050888234413,2.4570912375790455,2.722772277227725,2.7556500449108143,2.722772277227725,0.0,0.0,0.0,0.5956813104988745,-0.5997363294953114,0.5956813104988745
ROU,Romania,2019,64.4,27.36,38.41,65.77,0.832,12992.0,1299.0,25.0,15,24,11.2,81.1,0.7123145014319188,0.4956896551724138,33.08835353413384,13.957962156920235,51.583057804011624,Faible revenu,Faible,Faibles dépenses,3.919372900335949,2.7113237639553533,0.0,-0.1537279016141424,3.919372900335949,11.507508528597233,3.919372900335949,2.7113237639553533,2.7883293664110167,2.7113237639553533,0.0,0.0,0.0,-0.1537279016141424,-3.1496361231867134,-0.1537279016141424
BGR,Bulgaria,2019,56.3,23.36,31.7,55.05,0.81,10373.0,1172.0,26.0,15,24,8.9,81.75,0.7369085173501577,0.5427552299238407,31.32736763816955,0.8489208633093522,50.07224788087802,Faible revenu,Faible,Faibles dépenses,5.07495948136143,2.5500910746812266,0.0,-0.6779661016949157,5.07495948136143,9.92392090309416,5.07495948136143,2.5500910746812266,2.7497510830435985,2.5500910746812266,0.0,0.0,0.0,-0.6779661016949157,-2.0137061229943227,-0.6779661016949157
DNK,Denmark,2020,328.4,82.12,98.83,180.95,0.947,60985.0,1527.0,12.0,15,24,15.15,79.95,0.8309217848831327,0.5384930720669017,64.63093741947667,73.38557993730407,78.04061320266165,Haut revenu,Bonne,Très élevées,2.6614369402733873,10.497981157469717,0.0,-4.082914572864327,2.6614369402733873,2.046776527795798,2.6614369402733873,10.497981157469717,5.333193613882145,10.497981157469717,0.0,0.0,0.0,-4.082914572864327,0.20518344647212347,-4.082914572864327
AUT,Austria,2020,303.9,61.32,75.64,136.95,0.913,48716.0,1546.0,10.0,15,24,15.8,79.75,0.8106821787414067,0.6238196896296905,53.14991000521276,71.64723393698833,68.53259241913597,Revenu moyen-supérieur,Bonne,Très élevées,-2.345347392053887,10.54929065114587,0.0,4.318488529014841,-2.345347392053887,1.2147727988766954,-2.345347392053887,10.54929065114587,5.3342613612879175,10.54929065114587,0.0,0.0,0.0,4.318488529014841,-0.32332696923593013,4.318488529014841
FIN,Finland,2020,290.3,79.59,84.97,164.56,0.938,48829.0,1249.0,26.0,15,24,26.0,81.85,0.9366835353654231,0.5945237461344693,60.493318846788995,41.759364921855614,60.401877959254605,Revenu moyen-supérieur,Faible,Dépenses élevées,0.9739856900616184,10.506280928816158,0.0,-6.3015753938484576,0.9739856900616184,2.036103146152457,0.9739856900616184,10.506280928816158,5.3390685370774404,10.506280928816158,0.0,0.0,0.0,-6.3015753938484576,0.12056026170827276,-6.3015753938484576
DEU,Germany,2020,281.7,60.65,112.3,172.95,0.944,47380.0,1571.0,9.0,15,24,10.55,80.65,0.5400712377560107,0.5945546644153651,64.4652767917111,70.80408651135518,79.5550497613129,Revenu moyen-supérieur,Bonne,Dépenses élevées,-0.5123467159415473,10.513927030207926,0.0,-3.1442663378544955,-0.5123467159415473,1.427313469939114,-0.5123467159415473,10.513927030207926,5.3292300303734,10.513927030207926,0.0,0.0,0.0,-3.1442663378544955,1.0346021427658203,-3.1442663378544955
FRA,France,2020,264.3,66.68,87.01,153.69,0.898,39170.0,1758.0,2.0,15,24,26.5,80.85,0.7663486955522354,0.6747510850140414,45.93502036508298,85.88669628560476,50.768353218444986,Revenu moyen-supérieur,Excellente,Dépenses élevées,-3.0637497525242474,10.539523212045188,0.0,-2.170283806343909,-3.0637497525242474,0.5189719401710313,-3.0637497525242474,10.539523212045188,5.342388577565956,10.539523212045188,0.0,0.0,0.0,-2.170283806343909,0.6413312583748257,-2.170283806343909
NLD,Netherlands,2020,258.2,75.01,99.6,174.61,0.939,53468.0,1632.0,7.0,15,24,11.149999999999999,80.0,0.7531124497991969,0.48290566320041894,62.82476458106407,73.15946866331385,79.59182214662415,Haut revenu,Bonne,Dépenses élevées,-0.1624498179441658,10.530821917808208,0.0,-0.669506999391356,-0.1624498179441658,2.6884573587829514,-0.1624498179441658,10.530821917808208,5.337922450047871,10.530821917808208,0.0,0.0,0.0,-0.669506999391356,-0.7334631980057275,-0.669506999391356
SWE,Sweden,2020,250.5,74.27,90.7,164.97,0.942,52654.0,1451.0,16.0,15,24,23.4,82.45,0.8188533627342888,0.4757473316367227,65.79983417340345,55.0296114205814,65.16567596291719,Haut revenu,Moyenne,Dépenses élevées,1.701659165974534,10.498456109395683,0.0,-5.840363400389359,1.701659165974534,-0.36386326567372124,1.701659165974534,10.498456109395683,5.337225262070878,10.498456109395683,0.0,0.0,0.0,-5.840363400389359,-1.6629035870651527,-5.840363400389359
BEL,Belgium,2020,235.5,65.81,88.01,153.82,0.928,45906.0,1765.0,1.0,15,24,25.15,83.9,0.7477559368253608,0.5130048359691544,65.16424169952884,82.40111860354978,59.032556793207405,Revenu moyen-supérieur,Excellente,Dépenses élevées,-1.7359847592953281,10.511496949788835,0.0,-0.5633802816901401,-1.7359847592953281,1.4939125447952393,-1.7359847592953281,10.511496949788835,5.327980817484423,10.511496949788835,0.0,0.0,0.0,-0.5633802816901401,-0.8345681383654102,-0.5633802816901401
ITA,Italy,2020,208.6,51.71,76.0,127.72,0.889,32091.0,1748.0,3.0,15,24,35.5,81.30000000000001,0.6803947368421053,0.6500264871770901,39.21747045940312,76.93186892492275,36.66316598516378,Revenu moyen-inférieur,Excellente,Dépenses élevées,-5.092715819359417,10.487288135593209,0.0,4.6080191502094525,-5.092715819359417,-0.6487860075452693,-5.092715819359417,10.487288135593209,5.334685640606293,10.487288135593209,0.0,0.0,0.0,4.6080191502094525,1.1927503401593802,4.6080191502094525
SVN,Slovenia,2020,196.6,46.45,62.96,109.41,0.913,25392.0,1321.0,23.0,15,24,14.100000000000001,81.30000000000001,0.7377700127064803,0.7742596093257719,52.121029450558765,35.048510407974554,64.54298255142294,Revenu moyen-inférieur,Moyenne,Dépenses modérées,-1.634771829239945,10.573678290213717,0.0,-0.5271084337349352,-1.634771829239945,3.0574579216648634,-1.634771829239945,10.573678290213717,5.339628314376221,10.573678290213717,0.0,0.0,0.0,-0.5271084337349352,-0.4866904176085039,-0.5271084337349352
IRL,Ireland,2020,187.8,50.2,86.62,136.82,0.943,86623.0,1334.0,20.0,15,24,12.7,79.85,0.5795428307550219,0.2168015423155513,72.62972198199228,35.00489389053021,86.95690639094727,Haut revenu,Moyenne,Dépenses modérées,5.883143869942553,10.47058823529412,0.0,-3.543022415039765,5.883143869942553,6.346535982586069,5.883143869942553,10.47058823529412,5.3282175079410505,10.47058823529412,0.0,0.0,0.0,-3.543022415039765,-1.5117015938122018,-3.543022415039765
ESP,Spain,2020,185.2,51.49,72.93,124.43,0.899,27234.0,1667.0,5.0,15,24,43.7,83.55,0.7060194707253531,0.6800323125504883,43.55983238174558,65.94740759116846,27.19743673999442,Revenu moyen-inférieur,Bonne,Dépenses modérées,-8.570853056702587,10.50119331742243,0.0,-2.912055911473499,-8.570853056702587,-1.1361398906343725,-8.570853056702587,10.50119331742243,5.3226842017393805,10.50119331742243,0.0,0.0,0.0,-2.912055911473499,0.19519923555401833,-2.912055911473499
PRT,Portugal,2020,141.3,39.78,54.46,94.24,0.863,22299.0,1629.0,8.0,15,24,23.049999999999997,81.69999999999999,0.7304443628351084,0.6336607022736446,38.451058008244935,56.05719311697978,44.82905424691465,Revenu moyen-inférieur,Bonne,Dépenses modérées,-4.472432849248165,10.47693510555121,0.0,-4.736842105263161,-4.472432849248165,1.4918933847542695,-4.472432849248165,10.47693510555121,5.338485275860183,10.47693510555121,0.0,0.0,0.0,-4.736842105263161,0.09218155772982388,-4.736842105263161
POL,Poland,2020,125.8,36.29,54.0,90.3,0.876,16151.0,1419.0,18.0,15,24,18.45,81.5,0.672037037037037,0.778899139372175,40.60582861956094,34.0777609887012,50.88587915697444,Faible revenu,Moyenne,Dépenses modérées,1.7385826771653567,10.54481546572934,0.0,-2.8747433264887046,1.7385826771653567,5.222227469257142,1.7385826771653567,10.54481546572934,5.345109349175359,10.54481546572934,0.0,0.0,0.0,-2.8747433264887046,0.16336898666424737,-2.8747433264887046
SVK,Slovakia,2020,113.9,25.11,35.82,60.93,0.857,19735.0,1308.0,24.0,15,24,20.3,81.4,0.7010050251256281,0.5771472004053712,36.756129939690254,21.926659299519635,46.48705975931786,Faible revenu,Moyenne,Dépenses modérées,1.6953519530042316,10.475266731328814,0.0,-0.22883295194507935,1.6953519530042316,3.920819224619543,1.6953519530042316,10.475266731328814,5.309357227825063,10.475266731328814,0.0,0.0,0.0,-0.22883295194507935,-1.8985330906243358,-0.22883295194507935
HRV,Croatia,2020,100.1,34.63,44.68,79.31,0.855,14808.0,1653.0,6.0,15,24,19.05,79.75,0.7750671441360788,0.6759859535386277,29.69643019872032,52.38618885455898,46.38698549755914,Faible revenu,Bonne,Dépenses modérées,-4.857363145720894,10.607734806629821,0.0,-0.9586578789694378,-4.857363145720894,2.3381207999178724,-4.857363145720894,10.607734806629821,5.337549118133178,10.607734806629821,0.0,0.0,0.0,-0.9586578789694378,-0.6758710202300197,-0.9586578789694378
HUN,Hungary,2020,91.8,27.91,46.47,74.37,0.849,16387.0,1329.0,22.0,15,24,16.75,84.2,0.6006025392726491,0.5602001586623543,45.59256328372256,20.72172481450576,48.575948638274454,Faible revenu,Moyenne,Faibles dépenses,-3.6795391759242957,10.60240963855421,0.0,-1.6284233900814238,-3.6795391759242957,3.820258939118356,-3.6795391759242957,10.60240963855421,5.33118092660753,10.60240963855421,0.0,0.0,0.0,-1.6284233900814238,-3.286089405572549,-1.6284233900814238
ROU,Romania,2020,71.2,27.36,38.41,65.77,0.824,13082.0,1436.0,17.0,15,24,17.35,81.25,0.7123145014319188,0.5442592875707079,29.116207368835127,27.820391962292234,42.91618460338536,Faible revenu,Moyenne,Faibles dépenses,0.6927339901477758,10.559006211180112,0.0,10.54657428791379,0.6927339901477758,7.049424643335487,0.6927339901477758,10.559006211180112,5.352405073679038,10.559006211180112,0.0,0.0,0.0,10.54657428791379,2.159506156339175,10.54657428791379
BGR,Bulgaria,2020,62.3,23.36,31.7,55.05,0.802,10770.0,1265.0,25.0,15,24,13.8,81.75,0.7369085173501577,0.5784586815227483,27.528972353152877,10.458311720529533,42.985349849246475,Faible revenu,Faible,Faibles dépenses,3.827243806034897,10.657193605683846,0.0,7.935153583617738,3.827243806034897,7.470869724827941,3.827243806034897,10.657193605683846,5.338757814803337,10.657193605683846,0.0,0.0,0.0,7.935153583617738,1.2733996461837667,7.935153583617738
DNK,Denmark,2021,287.8,82.12,98.83,180.95,0.948,69728.0,1662.0,8.0,15,24,16.65,80.0,0.8309217848831327,0.41274667278568156,66.99324665541161,80.23977808348933,78.66379650429872,Haut revenu,Bonne,Dépenses élevées,14.336312207919978,-12.362971985383664,0.0,8.840864440078589,14.336312207919978,4.621752773545093,14.336312207919978,-12.362971985383664,0.2885795062616552,-12.362971985383664,0.0,0.0,0.0,8.840864440078589,2.8012610668491953,8.840864440078589
AUT,Austria,2021,266.2,61.32,75.64,136.95,0.916,53649.0,1481.0,13.0,15,24,17.35,79.65,0.8106821787414067,0.49618818617308796,54.17653559461729,60.10992084075686,68.4374726176241,Haut revenu,Moyenne,Dépenses élevées,10.126036620412183,-12.405396512010524,0.0,-4.204398447606728,10.126036620412183,1.7419007719431614,10.126036620412183,-12.405396512010524,0.27782400827609166,-12.405396512010524,0.0,0.0,0.0,-4.204398447606728,0.1282420253317964,-4.204398447606728
FIN,Finland,2021,254.4,79.59,84.97,164.56,0.94,53099.0,1315.0,20.0,15,24,28.55,81.15,0.9366835353654231,0.4791050678920507,58.55101482178276,42.80079384768048,58.77146045246514,Haut revenu,Moyenne,Dépenses élevées,8.744803293124992,-12.36651739579745,0.0,5.284227381905526,8.744803293124992,2.369575785577179,8.744803293124992,-12.36651739579745,0.2790611307612494,-12.36651739579745,0.0,0.0,0.0,5.284227381905526,1.508337149885482,5.284227381905526
DEU,Germany,2021,246.8,60.65,112.3,172.95,0.942,52266.0,1623.0,9.0,15,24,11.55,80.85,0.5400712377560107,0.4721999005089351,65.80451189288455,70.67278590920368,79.29104873931205,Haut revenu,Bonne,Dépenses élevées,10.31236808780076,-12.389066382676594,0.0,3.309993634627628,10.31236808780076,2.4134768596734464,10.31236808780076,-12.389066382676594,0.27476552876346955,-12.389066382676594,0.0,0.0,0.0,3.309993634627628,-1.1910483689292335,3.309993634627628
FRA,France,2021,231.6,66.68,87.01,153.69,0.903,43725.0,1680.0,4.0,15,24,29.05,80.5,0.7663486955522354,0.5296740994854202,45.886767126435835,73.84623711688957,49.7018186133316,Revenu moyen-supérieur,Bonne,Dépenses élevées,11.628797549144743,-12.372304199772987,0.0,-4.436860068259385,11.628797549144743,2.0421648368698606,11.628797549144743,-12.372304199772987,0.29113485976083336,-12.372304199772987,0.0,0.0,0.0,-4.436860068259385,-0.25891839400793054,-4.436860068259385
NLD,Netherlands,2021,226.2,75.01,99.6,174.61,0.941,60142.0,1677.0,5.0,15,24,12.25,80.65,0.7531124497991969,0.376109873299857,67.020257022766,72.78712703818135,80.32365573617159,Haut revenu,Bonne,Dépenses élevées,12.48223236328272,-12.393493415956625,0.0,2.757352941176472,12.48223236328272,3.8594746686049604,12.48223236328272,-12.393493415956625,0.2728823943900907,-12.393493415956625,0.0,0.0,0.0,2.757352941176472,1.0444521322965545,2.757352941176472
SWE,Sweden,2021,219.5,74.27,90.7,164.97,0.947,61175.0,1449.0,14.0,15,24,25.7,81.95,0.8188533627342888,0.35880670208418475,66.58038220663865,50.381091991610475,65.42467172508088,Haut revenu,Moyenne,Dépenses élevées,16.183006039427195,-12.37524950099801,0.0,-0.1378359751895264,16.183006039427195,4.479513061896797,16.183006039427195,-12.37524950099801,0.280609724321657,-12.37524950099801,0.0,0.0,0.0,-0.1378359751895264,-0.35896865957008767,-0.1378359751895264
BEL,Belgium,2021,206.4,65.81,88.01,153.82,0.937,51658.0,1774.0,1.0,15,24,27.549999999999997,84.15,0.7477559368253608,0.3995508924077587,68.43066910878893,79.06046322816354,59.10917364577513,Haut revenu,Excellente,Dépenses élevées,12.529952511654251,-12.35668789808917,0.0,0.5099150141643083,12.529952511654251,3.0574904476050855,12.529952511654251,-12.35668789808917,0.2845347441408516,-12.35668789808917,0.0,0.0,0.0,0.5099150141643083,-0.5172668168852276,0.5099150141643083
ITA,Italy,2021,182.8,51.71,76.0,127.72,0.895,36853.0,1699.0,3.0,15,24,38.95,81.6,0.6803947368421053,0.49602474696768245,41.25821623203672,68.61148823887599,34.73311780319049,Revenu moyen-supérieur,Bonne,Dépenses modérées,14.839051447446327,-12.368168744007658,0.0,-2.803203661327236,14.839051447446327,2.2068731259334684,14.839051447446327,-12.368168744007658,0.2798225320519136,-12.368168744007658,0.0,0.0,0.0,-2.803203661327236,-0.8849585877539553,-2.803203661327236
SVN,Slovenia,2021,172.2,46.45,62.96,109.41,0.918,29187.0,1221.0,25.0,15,24,15.45,81.15,0.7377700127064803,0.5899886935964642,53.10886104363846,22.13333032633454,64.72052598148255,Revenu moyen-inférieur,Faible,Dépenses modérées,14.945652173913038,-12.410986775178035,0.0,-7.570022710068125,14.945652173913038,4.341677873440682,14.945652173913038,-12.410986775178035,0.2728602201774102,-12.410986775178035,0.0,0.0,0.0,-7.570022710068125,0.4611651339837544,-7.570022710068125
IRL,Ireland,2021,164.6,50.2,86.62,136.82,0.945,103962.0,1259.0,23.0,15,24,13.899999999999999,80.0,0.5795428307550219,0.15832708104884477,78.34699097030116,24.613472858077174,90.32613045218088,Haut revenu,Faible,Dépenses modérées,20.016623760433138,-12.353567625133133,0.0,-5.622188905547231,20.016623760433138,9.075421373020488,20.016623760433138,-12.353567625133133,0.27868461426313235,-12.353567625133133,0.0,0.0,0.0,-5.622188905547231,-0.5408143489566788,-5.622188905547231
ESP,Spain,2021,162.3,51.49,72.93,124.43,0.905,30799.0,1712.0,2.0,15,24,47.9,83.8,0.7060194707253531,0.5269651612065327,44.69513946412464,66.88441848402157,24.057543756335754,Revenu moyen-inférieur,Excellente,Dépenses modérées,13.090254828523173,-12.365010799136055,0.0,2.699460107978413,13.090254828523173,0.6187257153263778,13.090254828523173,-12.365010799136055,0.2774203165529787,-12.365010799136055,0.0,0.0,0.0,2.699460107978413,1.5367863398199137,2.699460107978413
PRT,Portugal,2021,123.8,39.78,54.46,94.24,0.866,24711.0,1677.0,6.0,15,24,25.35,81.55,0.7304443628351084,0.5009914612925418,38.16146025907492,58.05331408854108,43.1817691034508,Revenu moyen-inférieur,Bonne,Dépenses modérées,10.816628548365404,-12.384996461429587,0.0,2.946593001841613,10.816628548365404,1.8343699779522107,10.816628548365404,-12.384996461429587,0.2742874463002476,-12.384996461429587,0.0,0.0,0.0,2.946593001841613,1.6060765665236545,2.946593001841613
POL,Poland,2021,110.2,36.29,54.0,90.3,0.876,18636.0,1510.0,12.0,15,24,20.2,81.6,0.672037037037037,0.5913286112899765,40.88431543843455,40.39115040256196,49.4275362094824,Faible revenu,Bonne,Dépenses modérées,15.386044207788995,-12.400635930047688,0.0,6.412966878083148,15.386044207788995,6.170166640367335,15.386044207788995,-12.400635930047688,0.2839202543728228,-12.400635930047688,0.0,0.0,0.0,6.412966878083148,0.8630236697405221,6.412966878083148
SVK,Slovakia,2021,99.8,25.11,35.82,60.93,0.848,22132.0,1246.0,24.0,15,24,22.299999999999997,81.44999999999999,0.7010050251256281,0.4509307789625881,34.94864690638585,14.067161317967571,43.23525610589659,Revenu moyen-inférieur,Faible,Faibles dépenses,12.14593362047125,-12.379280070237053,0.0,-4.7400611620795114,12.14593362047125,4.32935646945002,12.14593362047125,-12.379280070237053,0.2617432296600691,-12.379280070237053,0.0,0.0,0.0,-4.7400611620795114,-0.38947301821405905,-4.7400611620795114
HRV,Croatia,2021,87.7,34.63,44.68,79.31,0.858,17790.0,1599.0,11.0,15,24,20.95,80.4,0.7750671441360788,0.49297358066329405,32.55836635172206,45.52364628673237,45.36726607741542,Faible revenu,Bonne,Faibles dépenses,20.13776337115072,-12.387612387612378,0.0,-3.2667876588021727,20.13776337115072,5.317701325682301,20.13776337115072,-12.387612387612378,0.275944056528114,-12.387612387612378,0.0,0.0,0.0,-3.2667876588021727,-1.6857644761476775,-3.2667876588021727
HUN,Hungary,2021,80.4,27.91,46.47,74.37,0.846,19031.0,1333.0,19.0,15,24,18.35,85.0,0.6006025392726491,0.4224686038568652,47.83895761773419,19.45761259331093,46.84859113202539,Faible revenu,Moyenne,Faibles dépenses,16.134740953194605,-12.41830065359476,0.0,0.3009781790820121,16.134740953194605,4.970764338283119,16.134740953194605,-12.41830065359476,0.3022937540623918,-12.41830065359476,0.0,0.0,0.0,0.3009781790820121,-0.24392130016684543,0.3009781790820121
ROU,Romania,2021,62.4,27.36,38.41,65.77,0.821,14987.0,1305.0,21.0,15,24,19.05,81.6,0.7123145014319188,0.416360846066591,29.520082735952656,14.234455695631581,40.87771043800638,Faible revenu,Moyenne,Faibles dépenses,14.561993578963461,-12.35955056179776,0.0,-9.122562674094702,14.561993578963461,6.391366823149062,14.561993578963461,-12.35955056179776,0.3035931377792351,-12.35955056179776,0.0,0.0,0.0,-9.122562674094702,0.42342790406831554,-9.122562674094702
BGR,Bulgaria,2021,54.6,23.36,31.7,55.05,0.795,12972.0,1218.0,26.0,15,24,15.15,81.8,0.7369085173501577,0.42090656799259946,26.365270272395833,4.93033535554002,40.79023840618125,Faible revenu,Faible,Faibles dépenses,20.44568245125349,-12.35955056179775,0.0,-3.7154150197628466,20.44568245125349,9.782628579549938,20.44568245125349,-12.35955056179775,0.28257803952244015,-12.35955056179775,0.0,0.0,0.0,-3.7154150197628466,1.1805908207199918,-3.7154150197628466
